contractSymbol,lastTradeDate,strike,lastPrice,bid,ask,change,percentChange,volume,openInterest,impliedVolatility,inTheMoney,contractSize,currency,type
TSLA260918C00005000,2026-02-02 15:29:12+00:00,5.0,414.5,414.3,421.65,-14.5,-3.3799534,1.0,1837,3.2900408374023433,True,REGULAR,USD,call
TSLA260918C00010000,2026-01-23 15:19:03+00:00,10.0,438.02,409.8,416.75,0.0,0.0,4.0,11,2.699710281982422,True,REGULAR,USD,call
TSLA260918C00015000,2025-10-07 19:18:27+00:00,15.0,421.02,387.0,394.7,0.0,0.0,2.0,5,1.0000000000000003e-05,True,REGULAR,USD,call
TSLA260918C00020000,2025-10-21 17:59:13+00:00,20.0,429.13,397.15,405.2,0.0,0.0,1.0,0,2.4946326696777343,True,REGULAR,USD,call
TSLA260918C00030000,2025-12-15 16:20:25+00:00,30.0,450.85,402.05,409.55,0.0,0.0,2.0,1,3.2792986767578123,True,REGULAR,USD,call
TSLA260918C00035000,2025-12-15 16:19:08+00:00,35.0,444.1,397.15,404.4,0.0,0.0,,37,2.987063079223633,True,REGULAR,USD,call
TSLA260918C00040000,2026-01-28 20:41:15+00:00,40.0,395.2,380.6,387.55,0.0,0.0,7.0,5,1.6821304956054686,True,REGULAR,USD,call
TSLA260918C00045000,2025-04-25 14:04:05+00:00,45.0,222.55,295.65,301.65,0.0,0.0,2.0,0,1.0000000000000003e-05,True,REGULAR,USD,call
TSLA260918C00050000,2025-12-31 20:33:29+00:00,50.0,401.33,370.55,377.7,0.0,0.0,2.0,5,1.5166039794921873,True,REGULAR,USD,call
TSLA260918C00060000,2025-12-22 17:49:36+00:00,60.0,438.03,372.9,380.8,0.0,0.0,4.0,32,2.2393842843627927,True,REGULAR,USD,call
TSLA260918C00070000,2025-12-18 18:25:39+00:00,70.0,421.9,363.25,370.95,0.0,0.0,1.0,61,2.0504809480285644,True,REGULAR,USD,call
TSLA260918C00080000,2025-07-24 16:01:07+00:00,80.0,229.4,263.95,268.7,0.0,0.0,29.0,20,1.0000000000000003e-05,True,REGULAR,USD,call
TSLA260918C00090000,2025-10-15 18:54:09+00:00,90.0,349.67,316.7,323.3,0.0,0.0,7.0,30,1.0000000000000003e-05,True,REGULAR,USD,call
TSLA260918C00100000,2026-01-29 18:56:17+00:00,100.0,324.7,322.4,329.55,0.0,0.0,1.0,183,1.1462445031738282,True,REGULAR,USD,call
TSLA260918C00110000,2026-01-14 16:53:28+00:00,110.0,329.46,312.8,320.0,0.0,0.0,3.0,57,1.0961959252929687,True,REGULAR,USD,call
TSLA260918C00115000,2025-07-02 19:36:55+00:00,115.0,209.33,232.1,236.7,0.0,0.0,2.0,24,1.0000000000000003e-05,True,REGULAR,USD,call
TSLA260918C00120000,2025-11-17 20:21:14+00:00,120.0,294.3,319.75,326.05,0.0,0.0,4.0,23,1.5948506585693358,True,REGULAR,USD,call
TSLA260918C00125000,2025-10-30 14:24:45+00:00,125.0,328.96,310.45,314.1,0.0,0.0,6.0,41,1.3867218164062498,True,REGULAR,USD,call
TSLA260918C00130000,2026-01-12 14:35:56+00:00,130.0,319.45,293.75,300.9,0.0,0.0,1.0,103,1.008916088256836,True,REGULAR,USD,call
TSLA260918C00135000,2025-09-12 16:49:11+00:00,135.0,269.65,284.0,294.0,0.0,0.0,1.0,62,0.8065204895019531,True,REGULAR,USD,call
TSLA260918C00140000,2025-08-13 15:48:22+00:00,140.0,213.5,263.45,267.7,0.0,0.0,1.0,33,1.0000000000000003e-05,True,REGULAR,USD,call
TSLA260918C00145000,2025-11-24 18:09:26+00:00,145.0,284.41,296.95,300.1,0.0,0.0,1.0,80,1.3866607815551757,True,REGULAR,USD,call
TSLA260918C00150000,2026-01-29 14:58:39+00:00,150.0,279.6,276.65,280.05,0.0,0.0,3.0,70,0.9338385522460937,True,REGULAR,USD,call
TSLA260918C00155000,2025-11-03 17:06:31+00:00,155.0,324.7,287.75,290.7,0.0,0.0,2.0,33,1.3253817910766599,True,REGULAR,USD,call
TSLA260918C00160000,2025-11-07 17:40:13+00:00,160.0,279.4,283.1,286.05,0.0,0.0,1.0,135,1.296329201965332,True,REGULAR,USD,call
TSLA260918C00165000,2026-01-14 15:17:40+00:00,165.0,285.65,262.4,265.55,0.0,0.0,1.0,38,0.8766491827392577,True,REGULAR,USD,call
TSLA260918C00170000,2025-12-29 16:09:08+00:00,170.0,305.1,270.35,273.65,0.0,0.0,3.0,84,1.172764145965576,True,REGULAR,USD,call
TSLA260918C00175000,2026-01-29 14:31:17+00:00,175.0,268.93,252.3,256.4,0.0,0.0,1.0,62,0.8393570751953124,True,REGULAR,USD,call
TSLA260918C00180000,2026-01-09 18:09:52+00:00,180.0,277.35,249.15,251.7,0.0,0.0,2.0,269,0.8460708752441406,True,REGULAR,USD,call
TSLA260918C00185000,2025-12-19 16:56:33+00:00,185.0,301.11,256.3,259.6,0.0,0.0,1.0,62,1.099278185272217,True,REGULAR,USD,call
TSLA260918C00190000,2026-01-08 17:49:50+00:00,190.0,256.7,239.8,242.35,0.0,0.0,8.0,148,0.8164080859374999,True,REGULAR,USD,call
TSLA260918C00195000,2026-01-27 17:56:33+00:00,195.0,247.65,235.15,237.7,0.0,0.0,4.0,97,0.8024311749267576,True,REGULAR,USD,call
TSLA260918C00200000,2026-02-02 14:30:01+00:00,200.0,230.0,230.5,233.05,-16.929993,-6.856191,1.0,248,0.7885152984619141,True,REGULAR,USD,call
TSLA260918C00210000,2026-01-26 19:42:14+00:00,210.0,237.75,221.3,223.85,0.0,0.0,10.0,173,0.7631249273681642,True,REGULAR,USD,call
TSLA260918C00220000,2026-01-27 15:04:00+00:00,220.0,226.4,211.35,214.45,0.0,0.0,2.0,125,0.7280910980224609,True,REGULAR,USD,call
TSLA260918C00230000,2026-01-30 15:56:33+00:00,230.0,220.27,203.2,205.6,0.0,0.0,1.0,240,0.716677637939453,True,REGULAR,USD,call
TSLA260918C00240000,2026-01-27 18:07:37+00:00,240.0,205.56,193.4,196.65,0.0,0.0,2.0,191,0.6881134704589844,True,REGULAR,USD,call
TSLA260918C00250000,2026-01-28 18:40:21+00:00,250.0,199.2,184.4,187.85,0.0,0.0,2.0,549,0.6679110357666018,True,REGULAR,USD,call
TSLA260918C00260000,2026-02-02 17:55:23+00:00,260.0,179.85,177.0,178.95,-8.699997,-4.614159,7.0,359,0.6586643020629883,True,REGULAR,USD,call
TSLA260918C00270000,2026-01-30 14:56:13+00:00,270.0,172.97,168.55,170.65,0.0,0.0,1.0,401,0.6443211837768555,True,REGULAR,USD,call
TSLA260918C00280000,2026-02-02 17:24:18+00:00,280.0,161.0,160.35,161.75,-6.9900055,-4.160965,6.0,301,0.626453320465088,True,REGULAR,USD,call
TSLA260918C00290000,2026-01-29 20:51:51+00:00,290.0,147.32,152.25,154.2,0.0,0.0,1.0,790,0.6169319313049317,True,REGULAR,USD,call
TSLA260918C00300000,2026-02-02 19:18:07+00:00,300.0,148.4,144.45,146.25,-8.639999,-5.501783,34.0,1307,0.6051370053100588,True,REGULAR,USD,call
TSLA260918C00310000,2026-02-02 19:49:47+00:00,310.0,139.0,136.15,138.45,7.0,5.3030305,3.0,692,0.5900004379272462,True,REGULAR,USD,call
TSLA260918C00320000,2026-02-02 15:32:18+00:00,320.0,127.49,128.85,131.05,-10.510002,-7.615944,9.0,441,0.5812419805908204,True,REGULAR,USD,call
TSLA260918C00330000,2026-02-02 15:44:51+00:00,330.0,122.5,121.8,123.85,-10.25,-7.7212806,3.0,958,0.5731091273498536,True,REGULAR,USD,call
TSLA260918C00340000,2026-02-02 20:14:44+00:00,340.0,117.5,115.05,116.9,-12.440002,-9.573651,2.0,554,0.5659528268432618,True,REGULAR,USD,call
TSLA260918C00345000,2026-01-29 20:54:43+00:00,345.0,108.48,111.25,113.55,0.0,0.0,,3,0.5603071313476562,True,REGULAR,USD,call
TSLA260918C00350000,2026-01-30 15:52:04+00:00,350.0,124.05,108.55,110.1,0.0,0.0,2.0,1292,0.5589185954284668,True,REGULAR,USD,call
TSLA260918C00355000,2026-01-30 14:58:44+00:00,355.0,109.65,105.4,107.1,0.0,0.0,11.0,6,0.5570265245056154,True,REGULAR,USD,call
TSLA260918C00360000,2026-01-30 19:05:19+00:00,360.0,113.3,102.25,103.95,0.0,0.0,49.0,725,0.5539747972106934,True,REGULAR,USD,call
TSLA260918C00370000,2026-02-02 17:21:57+00:00,370.0,97.4,96.3,97.95,-9.949997,-9.268744,4.0,718,0.549381947631836,True,REGULAR,USD,call
TSLA260918C00375000,2026-01-27 15:17:29+00:00,375.0,105.7,93.5,94.9,0.0,0.0,9.0,10,0.5469405657958986,True,REGULAR,USD,call
TSLA260918C00380000,2026-02-02 14:33:50+00:00,380.0,89.51,91.0,92.1,-10.639999,-10.6240635,6.0,1186,0.5463454789733888,True,REGULAR,USD,call
TSLA260918C00385000,2026-01-29 20:08:59+00:00,385.0,86.29,88.0,89.3,0.0,0.0,1.0,10,0.5432174584960938,True,REGULAR,USD,call
TSLA260918C00390000,2026-02-02 17:33:03+00:00,390.0,86.9,85.55,86.6,-0.099998474,-0.11494078,14.0,659,0.5423171989440918,True,REGULAR,USD,call
TSLA260918C00395000,2026-02-02 14:36:35+00:00,395.0,80.12,82.95,84.0,0.4200058,0.52698344,1.0,4,0.5407608180236818,True,REGULAR,USD,call
TSLA260918C00400000,2026-02-02 19:47:43+00:00,400.0,82.6,80.45,81.3,-7.800003,-8.628322,38.0,3134,0.5387771952819824,True,REGULAR,USD,call
TSLA260918C00405000,2026-02-02 17:12:52+00:00,405.0,76.89,77.95,78.9,-10.559998,-12.075469,1.0,9,0.5375565043640138,True,REGULAR,USD,call
TSLA260918C00410000,2026-02-02 17:24:34+00:00,410.0,76.65,75.55,76.5,-9.199997,-10.716362,6.0,787,0.5362900375366212,True,REGULAR,USD,call
TSLA260918C00415000,2026-01-30 16:03:23+00:00,415.0,70.1,73.25,74.2,-14.150002,-16.795254,10.0,22,0.5353745193481446,True,REGULAR,USD,call
TSLA260918C00420000,2026-02-02 19:33:23+00:00,420.0,73.1,71.05,71.9,-4.1200027,-5.3354087,36.0,1373,0.5344437425231934,True,REGULAR,USD,call
TSLA260918C00425000,2026-02-02 18:29:51+00:00,425.0,71.8,68.85,69.7,-5.2999954,-6.874183,64.0,197,0.5334671897888184,False,REGULAR,USD,call
TSLA260918C00430000,2026-02-02 20:22:16+00:00,430.0,67.5,66.9,67.2,-7.449997,-9.939957,12.0,1187,0.5319108088684084,False,REGULAR,USD,call
TSLA260918C00435000,2026-02-02 17:02:56+00:00,435.0,63.75,64.8,65.1,-7.720001,-10.801737,23.0,114,0.5309189974975587,False,REGULAR,USD,call
TSLA260918C00440000,2026-02-02 17:30:16+00:00,440.0,63.5,62.8,63.1,-5.739998,-8.290003,28.0,1344,0.5302781347656251,False,REGULAR,USD,call
TSLA260918C00445000,2026-02-02 18:37:19+00:00,445.0,63.65,60.85,61.15,-7.169998,-10.124256,4.0,36,0.5296372720336916,False,REGULAR,USD,call
TSLA260918C00450000,2026-02-02 20:38:34+00:00,450.0,59.65,58.95,59.25,-6.909996,-10.381605,143.0,2010,0.5289964093017578,False,REGULAR,USD,call
TSLA260918C00455000,2026-02-02 17:02:39+00:00,455.0,56.25,57.1,57.45,-11.629997,-17.133173,19.0,220,0.5285539088439943,False,REGULAR,USD,call
TSLA260918C00460000,2026-02-02 18:45:59+00:00,460.0,58.01,55.35,55.65,-3.3900032,-5.5211773,216.0,1098,0.5281266670227052,False,REGULAR,USD,call
TSLA260918C00465000,2026-02-02 17:47:14+00:00,465.0,54.45,53.65,53.9,-7.8499985,-12.600319,2.0,49,0.5276994252014162,False,REGULAR,USD,call
TSLA260918C00470000,2026-02-02 16:15:43+00:00,470.0,51.07,51.95,52.25,-8.130001,-13.73311,4.0,2158,0.5273179592895508,False,REGULAR,USD,call
TSLA260918C00475000,2026-02-02 19:13:01+00:00,475.0,52.55,50.4,50.65,-7.970001,-13.169202,5.0,203,0.5273332179260255,False,REGULAR,USD,call
TSLA260918C00480000,2026-02-02 20:49:40+00:00,480.0,49.15,48.8,49.05,-8.849998,-15.258618,26.0,1497,0.526822053604126,False,REGULAR,USD,call
TSLA260918C00485000,2026-02-02 16:13:49+00:00,485.0,46.16,47.3,47.55,-8.209999,-15.100237,2.0,122,0.5267381311035157,False,REGULAR,USD,call
TSLA260918C00490000,2026-02-02 18:33:13+00:00,490.0,48.13,45.8,46.1,-0.9699974,-1.9755548,6.0,1036,0.5265245101928712,False,REGULAR,USD,call
TSLA260918C00495000,2026-02-02 16:03:36+00:00,495.0,43.26,44.4,44.65,-10.740002,-19.888891,16.0,93,0.526371923828125,False,REGULAR,USD,call
TSLA260918C00500000,2026-02-02 20:57:26+00:00,500.0,43.2,43.0,43.25,-4.5099983,-9.452941,129.0,3606,0.526097268371582,False,REGULAR,USD,call
TSLA260918C00505000,2026-02-02 18:05:53+00:00,505.0,43.0,41.65,41.95,3.2799988,8.257801,7.0,53,0.526097268371582,False,REGULAR,USD,call
TSLA260918C00510000,2026-02-02 17:56:28+00:00,510.0,41.5,40.4,40.65,-6.84,-14.149773,5.0,937,0.5261735615539551,False,REGULAR,USD,call
TSLA260918C00515000,2026-02-02 18:13:13+00:00,515.0,40.95,39.15,39.4,-4.5999985,-10.098789,1.0,17,0.5261583029174804,False,REGULAR,USD,call
TSLA260918C00520000,2026-02-02 19:38:08+00:00,520.0,38.29,37.9,38.2,-5.2299995,-12.017462,19.0,1650,0.5260667510986328,False,REGULAR,USD,call
TSLA260918C00525000,2026-02-02 18:01:33+00:00,525.0,37.6,36.75,37.0,-7.4000015,-16.444447,12.0,47,0.5260667510986328,False,REGULAR,USD,call
TSLA260918C00530000,2026-02-02 19:18:28+00:00,530.0,35.99,35.6,35.85,-5.029999,-12.262308,20.0,797,0.5259904579162598,False,REGULAR,USD,call
TSLA260918C00535000,2026-02-02 17:56:33+00:00,535.0,35.5,34.55,34.8,-6.75,-15.976332,1.0,58,0.526448217010498,False,REGULAR,USD,call
TSLA260918C00540000,2026-02-02 19:38:59+00:00,540.0,34.5,33.5,33.7,-6.1500015,-15.129153,6.0,913,0.526448217010498,False,REGULAR,USD,call
TSLA260918C00545000,2026-02-02 19:30:33+00:00,545.0,33.7,32.45,32.7,-5.8999977,-14.898984,10.0,62,0.5265855447387696,False,REGULAR,USD,call
TSLA260918C00550000,2026-02-02 20:31:07+00:00,550.0,31.45,31.45,31.7,-5.4300003,-14.723427,66.0,3129,0.5266770965576173,False,REGULAR,USD,call
TSLA260918C00560000,2026-02-02 20:49:52+00:00,560.0,29.81,29.6,29.8,-5.3900013,-15.312503,7.0,735,0.5271501142883301,False,REGULAR,USD,call
TSLA260918C00570000,2026-02-02 20:31:09+00:00,570.0,28.28,27.8,28.0,-3.0199986,-9.648558,13.0,907,0.5273179592895508,False,REGULAR,USD,call
TSLA260918C00580000,2026-02-02 20:32:37+00:00,580.0,26.61,26.15,26.35,-5.1399994,-16.188974,20.0,814,0.5278367529296876,False,REGULAR,USD,call
TSLA260918C00590000,2026-02-02 20:20:18+00:00,590.0,25.3,24.6,24.8,-4.0200005,-13.71078,22.0,472,0.5283555465698243,False,REGULAR,USD,call
TSLA260918C00600000,2026-02-02 20:32:36+00:00,600.0,23.52,23.15,23.35,-4.08,-14.782608,109.0,6685,0.5289201161193848,False,REGULAR,USD,call
TSLA260918C00610000,2026-02-02 20:57:15+00:00,610.0,21.95,21.75,22.0,-3.8799992,-15.02129,7.0,524,0.5293778752136231,False,REGULAR,USD,call
TSLA260918C00620000,2026-02-02 17:56:47+00:00,620.0,21.15,20.5,20.7,-3.2700005,-13.390666,11.0,2615,0.5299729620361329,False,REGULAR,USD,call
TSLA260918C00630000,2026-02-02 18:03:19+00:00,630.0,19.9,19.3,19.5,-3.7299995,-15.785017,3.0,1804,0.5305527902221681,False,REGULAR,USD,call
TSLA260918C00640000,2026-02-02 20:02:38+00:00,640.0,18.51,18.2,18.4,-4.74,-20.387096,27.0,367,0.5314072738647461,False,REGULAR,USD,call
TSLA260918C00650000,2026-02-02 20:59:41+00:00,650.0,17.25,17.15,17.35,-2.5499992,-12.878784,100.0,1150,0.5320786538696288,False,REGULAR,USD,call
TSLA260918C00660000,2026-02-02 19:42:50+00:00,660.0,16.65,16.2,16.35,-2.9500008,-15.0510235,6.0,629,0.5328568443298338,False,REGULAR,USD,call
TSLA260918C00670000,2026-02-02 19:40:09+00:00,670.0,15.7,15.25,15.45,-3.0700006,-16.35589,123.0,516,0.5335434829711915,False,REGULAR,USD,call
TSLA260918C00680000,2026-02-02 17:57:57+00:00,680.0,14.85,14.4,14.6,-2.6999989,-15.384609,1.0,567,0.5344284838867188,False,REGULAR,USD,call
TSLA260918C00690000,2026-02-02 17:56:31+00:00,690.0,14.0,13.6,13.8,-2.92,-17.257683,1.0,958,0.5353134848022462,False,REGULAR,USD,call
TSLA260918C00700000,2026-02-02 17:56:30+00:00,700.0,13.25,12.85,13.05,-2.3599997,-15.118512,83.0,5543,0.5361984857177735,False,REGULAR,USD,call
TSLA260918C00710000,2026-02-02 14:57:56+00:00,710.0,11.65,12.15,12.35,-2.25,-16.18705,1.0,4078,0.5371445211791993,False,REGULAR,USD,call
TSLA260918C00720000,2026-02-02 18:30:10+00:00,720.0,12.15,11.5,11.7,-2.0,-14.134276,2.0,561,0.5381821084594728,False,REGULAR,USD,call
TSLA260918C00730000,2026-02-02 15:09:00+00:00,730.0,10.51,10.9,11.05,-2.5100002,-19.278036,1.0,706,0.5390671093750001,False,REGULAR,USD,call
TSLA260918C00740000,2026-02-02 15:17:56+00:00,740.0,9.95,10.3,10.5,-3.75,-27.372263,5.0,660,0.5401046966552736,False,REGULAR,USD,call
TSLA260918C00750000,2026-02-02 20:17:54+00:00,750.0,10.06,9.75,9.95,-1.8899994,-15.815895,13.0,4996,0.540989697570801,False,REGULAR,USD,call
TSLA260918C00760000,2026-01-30 20:44:39+00:00,760.0,11.4,9.25,9.4,0.0,0.0,5.0,1007,0.5417831466674806,False,REGULAR,USD,call
TSLA260918C00770000,2026-01-30 20:44:39+00:00,770.0,10.83,8.75,8.95,0.0,0.0,11.0,118,0.5428817684936526,False,REGULAR,USD,call
TSLA260918C00780000,2026-01-30 20:52:43+00:00,780.0,10.4,8.35,8.5,0.0,0.0,30.0,166,0.5442855630493165,False,REGULAR,USD,call
TSLA260918C00790000,2026-02-02 19:45:11+00:00,790.0,8.28,7.9,8.1,-1.7200003,-17.200003,1.0,204,0.54532315032959,False,REGULAR,USD,call
TSLA260918C00800000,2026-02-02 19:43:07+00:00,800.0,7.8,7.5,7.7,-1.6999998,-17.894735,400.0,9005,0.5463607376098634,False,REGULAR,USD,call
TSLA260918C00810000,2026-01-30 18:26:46+00:00,810.0,9.05,7.15,7.3,0.0,0.0,9.0,1131,0.5473983248901368,False,REGULAR,USD,call
TSLA260918C00820000,2026-01-30 20:57:59+00:00,820.0,8.05,6.8,6.95,0.0,0.0,30.0,446,0.5485274639892579,False,REGULAR,USD,call
TSLA260918C00830000,2026-02-02 15:18:26+00:00,830.0,6.25,6.45,6.65,-2.6400003,-29.696291,1.0,356,0.5497481549072267,False,REGULAR,USD,call
TSLA260918C00840000,2026-01-30 18:26:46+00:00,840.0,7.85,6.15,6.3,0.0,0.0,14.0,227,0.5506026385498048,False,REGULAR,USD,call
TSLA260918C00850000,2026-01-30 18:26:46+00:00,850.0,7.5,5.85,6.0,0.0,0.0,22.0,1217,0.5516097085571289,False,REGULAR,USD,call
TSLA260918C00860000,2026-02-02 16:52:39+00:00,860.0,5.45,5.6,5.75,-1.75,-24.305555,3.0,2357,0.5532881585693359,False,REGULAR,USD,call
TSLA260918C00870000,2026-01-30 20:59:45+00:00,870.0,6.32,5.35,5.5,0.0,0.0,17.0,298,0.5546614358520509,False,REGULAR,USD,call
TSLA260918C00880000,2026-01-30 18:49:14+00:00,880.0,6.55,5.1,5.25,0.0,0.0,3.0,585,0.5557295404052736,False,REGULAR,USD,call
TSLA260918C00890000,2026-01-30 18:26:46+00:00,890.0,6.3,4.85,5.0,0.0,0.0,24.0,508,0.5565229895019532,False,REGULAR,USD,call
TSLA260918C00900000,2026-01-30 19:39:50+00:00,900.0,6.07,4.65,4.8,0.0,0.0,91.0,6445,0.5581098876953126,False,REGULAR,USD,call
TSLA260918C00910000,2026-01-30 18:26:46+00:00,910.0,5.8,4.45,4.6,0.0,0.0,46.0,248,0.5594831649780273,False,REGULAR,USD,call
TSLA260918C00920000,2026-02-02 20:24:47+00:00,920.0,4.5,4.25,4.4,-1.0500002,-18.91892,3.0,208,0.5605817868041992,False,REGULAR,USD,call
TSLA260918C00930000,2026-01-30 18:26:46+00:00,930.0,4.25,4.1,4.2,-1.0500002,-19.811323,100.0,1380,0.5620160986328125,False,REGULAR,USD,call
TSLA260918C00940000,2026-02-02 18:29:59+00:00,940.0,4.22,3.9,4.05,-0.5100002,-10.782246,1174.0,9675,0.5632367895507813,False,REGULAR,USD,call
TSLA260918C00950000,2026-02-02 18:20:04+00:00,950.0,4.0,3.75,3.9,-0.9000001,-18.367348,10.0,106,0.5648847222900393,False,REGULAR,USD,call
TSLA260918C00960000,2026-02-02 15:37:45+00:00,960.0,3.55,3.6,3.75,-0.75000024,-17.441866,10.0,214,0.5663190341186525,False,REGULAR,USD,call
TSLA260918C00970000,2026-02-02 14:47:19+00:00,970.0,3.4,3.45,3.6,-1.0,-22.727272,10.0,170,0.5675092077636719,False,REGULAR,USD,call
TSLA260918C00980000,2026-02-02 17:03:44+00:00,980.0,3.27,3.3,3.45,-1.1300001,-25.681822,4.0,120,0.5684857604980469,False,REGULAR,USD,call
TSLA260918C00990000,2026-02-02 20:59:41+00:00,990.0,3.25,3.2,3.3,-0.75,-18.75,151.0,991,0.5700116241455078,False,REGULAR,USD,call
TSLA260918P00005000,2026-01-26 14:30:01+00:00,5.0,0.02,0.0,0.03,0.0,0.0,1.0,889,1.8125009374999999,False,REGULAR,USD,put
TSLA260918P00010000,2026-01-29 17:54:38+00:00,10.0,0.01,0.01,0.03,0.0,0.0,50.0,678,1.5390648046875,False,REGULAR,USD,put
TSLA260918P00015000,2026-02-02 14:41:58+00:00,15.0,0.04,0.0,0.12,0.0,0.0,50.0,690,1.5000025,False,REGULAR,USD,put
TSLA260918P00020000,2026-01-30 20:58:52+00:00,20.0,0.04,0.02,0.33,0.0,0.0,46.0,2714,1.5234398828124998,False,REGULAR,USD,put
TSLA260918P00025000,2026-01-09 20:41:42+00:00,25.0,0.05,0.0,0.28,0.0,0.0,1.0,4549,1.3671906640625,False,REGULAR,USD,put
TSLA260918P00030000,2026-01-29 16:10:36+00:00,30.0,0.05,0.0,0.34,0.0,0.0,8.0,684,1.3007847460937496,False,REGULAR,USD,put
TSLA260918P00035000,2026-01-16 16:58:27+00:00,35.0,0.03,0.02,0.16,0.0,0.0,1300.0,1358,1.142582412109375,False,REGULAR,USD,put
TSLA260918P00040000,2026-01-15 14:30:34+00:00,40.0,0.1,0.02,0.17,0.0,0.0,6.0,811,1.083988955078125,False,REGULAR,USD,put
TSLA260918P00045000,2026-01-16 20:30:31+00:00,45.0,0.1,0.05,0.21,0.0,0.0,2.0,159,1.0625046875000002,False,REGULAR,USD,put
TSLA260918P00050000,2026-01-22 19:48:28+00:00,50.0,0.13,0.09,0.5,0.0,0.0,2.0,855,1.109379453125,False,REGULAR,USD,put
TSLA260918P00060000,2026-02-02 14:56:25+00:00,60.0,0.22,0.17,0.42,-0.060000002,-21.428572,1.0,198,1.0127002490234376,False,REGULAR,USD,put
TSLA260918P00070000,2026-01-27 15:49:55+00:00,70.0,0.32,0.28,0.52,0.0,0.0,3.0,410,0.9677737597656251,False,REGULAR,USD,put
TSLA260918P00080000,2026-02-02 17:04:07+00:00,80.0,0.44,0.39,0.63,0.030000001,7.3170733,18.0,451,0.9248054394531251,False,REGULAR,USD,put
TSLA260918P00090000,2026-01-30 17:17:00+00:00,90.0,0.59,0.53,0.67,-0.01000005,-1.666675,1.0,1843,0.8793957373046875,False,REGULAR,USD,put
TSLA260918P00100000,2026-02-02 18:31:22+00:00,100.0,0.75,0.71,0.8,-0.050000012,-6.250001,2.0,1105,0.8476577734374999,False,REGULAR,USD,put
TSLA260918P00110000,2026-01-28 17:45:58+00:00,110.0,0.86,0.83,1.07,0.0,0.0,10.0,515,0.8208025732421874,False,REGULAR,USD,put
TSLA260918P00115000,2026-01-27 18:42:57+00:00,115.0,1.01,0.95,1.18,0.00999999,0.99999905,1.0,260,0.8088398022460936,False,REGULAR,USD,put
TSLA260918P00120000,2026-02-02 17:03:44+00:00,120.0,1.11,1.01,1.25,0.00999999,0.90909004,8.0,847,0.7907735766601562,False,REGULAR,USD,put
TSLA260918P00125000,2026-02-02 17:04:07+00:00,125.0,1.22,1.19,1.27,0.07000005,6.0869613,6.0,208,0.7768577001953125,False,REGULAR,USD,put
TSLA260918P00130000,2026-02-02 15:24:02+00:00,130.0,1.37,1.3,1.38,0.049999952,3.787875,20.0,373,0.76367423828125,False,REGULAR,USD,put
TSLA260918P00135000,2026-02-02 16:09:38+00:00,135.0,1.44,1.42,1.49,-0.5999999,-29.411762,1.0,160,0.750856983642578,False,REGULAR,USD,put
TSLA260918P00140000,2026-02-02 17:33:32+00:00,140.0,1.52,1.54,1.62,0.01999998,1.3333321,2.0,442,0.7386500744628905,False,REGULAR,USD,put
TSLA260918P00145000,2026-02-02 20:38:23+00:00,145.0,1.68,1.68,1.75,0.049999952,3.0674818,1.0,137,0.7270535107421875,False,REGULAR,USD,put
TSLA260918P00150000,2026-02-02 20:21:21+00:00,150.0,1.82,1.81,1.88,-0.01999998,-1.0869554,2.0,1359,0.7148466015625,False,REGULAR,USD,put
TSLA260918P00155000,2026-01-30 15:19:08+00:00,155.0,1.93,1.95,2.03,0.0,0.0,4.0,244,0.7033721069335939,False,REGULAR,USD,put
TSLA260918P00160000,2026-01-30 16:30:34+00:00,160.0,2.2,2.11,2.19,0.09000015,4.2654104,5.0,271,0.6927520959472657,False,REGULAR,USD,put
TSLA260918P00165000,2026-02-02 18:13:49+00:00,165.0,2.25,2.27,2.35,-0.00999999,-0.44247746,8.0,263,0.681887946777344,False,REGULAR,USD,put
TSLA260918P00170000,2026-02-02 15:21:42+00:00,170.0,2.53,2.43,2.51,0.14999986,6.3025146,32.0,3559,0.6707796594238282,False,REGULAR,USD,put
TSLA260918P00175000,2026-01-30 16:02:42+00:00,175.0,2.63,2.61,2.7,0.10000014,3.952575,1.0,1716,0.6607699938964844,False,REGULAR,USD,put
TSLA260918P00180000,2026-02-02 17:18:39+00:00,180.0,2.8,2.8,2.88,0.089999914,3.32103,72.0,926,0.6505772247314454,False,REGULAR,USD,put
TSLA260918P00185000,2026-02-02 17:20:41+00:00,185.0,3.0,3.0,3.1,-0.059999943,-1.9607825,2.0,482,0.6412389392089843,False,REGULAR,USD,put
TSLA260918P00190000,2026-02-02 14:56:41+00:00,190.0,3.35,3.2,3.35,0.049999952,1.5151501,1.0,574,0.6322058264160157,False,REGULAR,USD,put
TSLA260918P00195000,2026-01-30 18:38:07+00:00,195.0,3.45,3.45,3.55,0.0,0.0,16.0,493,0.6229285754394531,False,REGULAR,USD,put
TSLA260918P00200000,2026-02-02 20:27:16+00:00,200.0,3.69,3.7,3.8,0.09000015,2.5000043,4.0,3430,0.614261669921875,False,REGULAR,USD,put
TSLA260918P00210000,2026-01-29 19:50:37+00:00,210.0,4.37,4.25,4.35,0.0,0.0,150.0,1061,0.5977213079833985,False,REGULAR,USD,put
TSLA260918P00220000,2026-01-30 20:57:19+00:00,220.0,5.15,4.85,5.0,0.41000032,8.649796,2.0,923,0.5821574987792968,False,REGULAR,USD,put
TSLA260918P00230000,2026-02-02 20:43:33+00:00,230.0,5.6,5.6,5.75,0.119999886,2.189779,8.0,1287,0.5685467950439453,False,REGULAR,USD,put
TSLA260918P00240000,2026-01-30 18:15:53+00:00,240.0,6.35,6.45,6.6,0.0,0.0,30.0,1214,0.5557295404052736,False,REGULAR,USD,put
TSLA260918P00250000,2026-02-02 20:57:20+00:00,250.0,7.53,7.45,7.6,0.3800001,5.314687,10.0,4410,0.5443771148681642,False,REGULAR,USD,put
TSLA260918P00260000,2026-02-02 19:51:11+00:00,260.0,8.43,8.6,8.75,0.07000065,0.8373284,13.0,3505,0.5340622766113281,False,REGULAR,USD,put
TSLA260918P00270000,2026-02-02 19:51:38+00:00,270.0,10.0,9.9,10.05,0.6999998,7.52688,199.0,2535,0.5243577838134765,False,REGULAR,USD,put
TSLA260918P00280000,2026-02-02 19:06:16+00:00,280.0,11.31,11.4,11.6,0.4100008,3.7614753,14.0,2701,0.5161791546630858,False,REGULAR,USD,put
TSLA260918P00290000,2026-02-02 19:14:50+00:00,290.0,12.65,13.1,13.3,0.19999981,1.6064242,2.0,1203,0.5083667327880859,False,REGULAR,USD,put
TSLA260918P00300000,2026-02-02 19:26:41+00:00,300.0,14.61,15.0,15.2,0.5099993,3.617016,17.0,4999,0.5010425872802735,False,REGULAR,USD,put
TSLA260918P00310000,2026-02-02 15:57:17+00:00,310.0,17.3,17.2,17.4,0.79999924,4.84848,2.0,1202,0.4964344790649414,False,REGULAR,USD,put
TSLA260918P00320000,2026-02-02 19:21:44+00:00,320.0,19.06,19.6,19.8,0.5100002,2.7493274,3.0,3347,0.49051412811279305,False,REGULAR,USD,put
TSLA260918P00330000,2026-02-02 18:36:23+00:00,330.0,21.4,22.25,22.5,0.19999886,0.9433908,12.0,1293,0.48558558853149414,False,REGULAR,USD,put
TSLA260918P00340000,2026-02-02 19:26:41+00:00,340.0,24.55,25.25,25.45,0.79999924,3.3684177,8.0,1397,0.48090118713378904,False,REGULAR,USD,put
TSLA260918P00345000,2026-02-02 19:37:46+00:00,345.0,26.15,26.8,27.05,1.1999989,4.8096147,1.0,205,0.47891756439208977,False,REGULAR,USD,put
TSLA260918P00350000,2026-02-02 16:45:11+00:00,350.0,29.15,28.45,28.7,2.0499992,7.564573,16.0,4135,0.4768423898315429,False,REGULAR,USD,put
TSLA260918P00355000,2026-01-30 15:17:09+00:00,355.0,29.05,30.2,30.45,0.0,0.0,4.0,416,0.4751181639099121,False,REGULAR,USD,put
TSLA260918P00360000,2026-02-02 20:19:43+00:00,360.0,31.48,32.0,32.25,1.0799999,3.5526314,237.0,3552,0.4732718688964844,False,REGULAR,USD,put
TSLA260918P00365000,2026-01-30 18:03:14+00:00,365.0,32.0,33.9,34.1,0.0,0.0,19.0,34,0.471334022064209,False,REGULAR,USD,put
TSLA260918P00370000,2026-02-02 15:37:22+00:00,370.0,35.85,35.8,36.05,-1.9000015,-5.033117,45.0,2430,0.4697013479614258,False,REGULAR,USD,put
TSLA260918P00375000,2026-01-30 17:29:06+00:00,375.0,37.75,37.85,38.1,3.0,8.633094,1.0,125,0.4683891052246094,False,REGULAR,USD,put
TSLA260918P00380000,2026-02-02 20:56:33+00:00,380.0,40.0,39.95,40.2,2.2000008,5.820108,27.0,3156,0.4669395347595215,False,REGULAR,USD,put
TSLA260918P00385000,2026-02-02 17:37:34+00:00,385.0,41.68,42.1,42.4,0.27999878,0.6763255,20.0,152,0.4657798783874512,False,REGULAR,USD,put
TSLA260918P00390000,2026-02-02 20:01:27+00:00,390.0,44.15,44.35,44.65,2.0300026,4.8195696,9.0,2293,0.4644828942871094,False,REGULAR,USD,put
TSLA260918P00395000,2026-02-02 20:56:12+00:00,395.0,46.65,46.65,46.95,0.0,0.0,3.0,59,0.46307909973144534,False,REGULAR,USD,put
TSLA260918P00400000,2026-02-02 20:56:09+00:00,400.0,49.05,49.05,49.35,3.1599998,6.886032,48.0,3388,0.4619499606323243,False,REGULAR,USD,put
TSLA260918P00405000,2026-02-02 16:55:41+00:00,405.0,52.2,51.5,51.8,-1.1499977,-2.1555722,1.0,27,0.4606987524414063,False,REGULAR,USD,put
TSLA260918P00410000,2026-02-02 20:56:36+00:00,410.0,54.1,54.0,54.35,3.5,6.9169965,30.0,1478,0.4597374583435059,False,REGULAR,USD,put
TSLA260918P00415000,2026-01-30 20:06:35+00:00,415.0,56.68,56.6,56.95,3.0299988,5.647714,1.0,41,0.4586540951538086,False,REGULAR,USD,put
TSLA260918P00420000,2026-02-02 16:06:18+00:00,420.0,59.11,59.25,59.6,3.6100006,6.5045056,19.0,2074,0.45747918014526373,False,REGULAR,USD,put
TSLA260918P00425000,2026-02-02 19:54:27+00:00,425.0,61.25,62.0,62.35,2.4900017,4.2375793,16.0,58,0.4565941792297364,True,REGULAR,USD,put
TSLA260918P00430000,2026-02-02 14:36:47+00:00,430.0,67.58,64.8,65.15,6.580002,10.786888,4.0,1353,0.45560236785888675,True,REGULAR,USD,put
TSLA260918P00435000,2026-01-30 20:38:01+00:00,435.0,64.55,67.65,68.0,0.0,0.0,36.0,180,0.45451900466918943,True,REGULAR,USD,put
TSLA260918P00440000,2026-02-02 15:29:37+00:00,440.0,71.8,70.6,70.95,6.4500046,9.869939,12.0,2362,0.4537408142089844,True,REGULAR,USD,put
TSLA260918P00445000,2026-01-30 17:09:20+00:00,445.0,69.87,73.55,73.95,0.0,0.0,180.0,155,0.45289395988464354,True,REGULAR,USD,put
TSLA260918P00450000,2026-02-02 16:56:20+00:00,450.0,77.58,76.6,76.95,4.0699997,5.536661,30.0,1660,0.4516046051025391,True,REGULAR,USD,put
TSLA260918P00455000,2026-01-30 17:29:31+00:00,455.0,79.65,79.7,80.1,5.7000046,7.7079177,5.0,28,0.45099425964355466,True,REGULAR,USD,put
TSLA260918P00460000,2026-02-02 20:56:08+00:00,460.0,82.8,82.85,83.25,-3.699997,-4.277453,223.0,767,0.44995667236328124,True,REGULAR,USD,put
TSLA260918P00465000,2026-01-26 19:24:02+00:00,465.0,81.35,86.1,86.45,0.0,0.0,2.0,12,0.448873309173584,True,REGULAR,USD,put
TSLA260918P00470000,2026-01-30 20:54:00+00:00,470.0,85.17,89.35,89.75,0.0,0.0,5.0,524,0.44814089462280265,True,REGULAR,USD,put
TSLA260918P00475000,2026-01-30 19:53:09+00:00,475.0,87.4,92.7,93.1,0.0,0.0,2.0,14,0.4473627041625976,True,REGULAR,USD,put
TSLA260918P00480000,2026-02-02 20:56:11+00:00,480.0,96.05,96.05,96.45,-3.149994,-3.1753972,4.0,2054,0.4461877891540527,True,REGULAR,USD,put
TSLA260918P00485000,2026-02-02 19:15:40+00:00,485.0,97.35,99.5,99.9,3.449997,3.674118,1.0,39,0.44537908142089844,True,REGULAR,USD,put
TSLA260918P00490000,2026-02-02 19:17:04+00:00,490.0,100.7,103.0,103.45,-0.45000458,-0.44488835,1.0,184,0.44493658096313476,True,REGULAR,USD,put
TSLA260918P00495000,2026-02-02 19:20:32+00:00,495.0,104.4,106.5,106.95,3.0999985,3.0602155,1.0,1,0.4437311486816406,True,REGULAR,USD,put
TSLA260918P00500000,2026-02-02 20:46:53+00:00,500.0,109.36,110.1,110.55,3.4300003,3.2379875,3.0,824,0.4429224409484864,True,REGULAR,USD,put
TSLA260918P00505000,2026-01-27 17:48:50+00:00,505.0,108.71,113.7,114.15,0.0,0.0,,3,0.4417475259399414,True,REGULAR,USD,put
TSLA260918P00510000,2026-01-23 16:32:39+00:00,510.0,104.95,117.4,117.85,0.0,0.0,1.0,80,0.44098459411621094,True,REGULAR,USD,put
TSLA260918P00520000,2026-01-30 16:59:24+00:00,520.0,118.99,124.85,125.35,0.0,0.0,22.0,361,0.4391688163757324,True,REGULAR,USD,put
TSLA260918P00530000,2026-01-22 15:16:56+00:00,530.0,124.9,132.05,133.0,0.0,0.0,1.0,148,0.437154676361084,True,REGULAR,USD,put
TSLA260918P00540000,2026-01-30 16:58:11+00:00,540.0,134.0,139.85,141.3,0.0,0.0,3.0,41,0.43933666137695315,True,REGULAR,USD,put
TSLA260918P00550000,2026-01-26 17:55:53+00:00,550.0,140.21,147.75,148.75,0.0,0.0,6.0,141,0.4327449304199219,True,REGULAR,USD,put
TSLA260918P00560000,2026-01-12 17:14:41+00:00,560.0,140.55,155.85,156.9,0.0,0.0,6.0,153,0.430944411315918,True,REGULAR,USD,put
TSLA260918P00570000,2026-01-07 18:07:29+00:00,570.0,159.57,164.05,165.2,0.0,0.0,1.0,17,0.42923544403076175,True,REGULAR,USD,put
TSLA260918P00580000,2026-01-30 17:00:26+00:00,580.0,165.59,172.4,173.5,0.0,0.0,2.0,52,0.4262142340087891,True,REGULAR,USD,put
TSLA260918P00590000,2025-12-18 17:35:44+00:00,590.0,151.65,172.65,174.3,0.0,0.0,9.0,29,0.330512066040039,True,REGULAR,USD,put
TSLA260918P00600000,2026-01-30 20:13:57+00:00,600.0,183.7,189.4,190.7,0.0,0.0,2.0,224,0.42236905761718746,True,REGULAR,USD,put
TSLA260918P00610000,2026-01-02 14:49:23+00:00,610.0,184.54,198.05,199.5,0.0,0.0,6.0,56,0.42081267669677735,True,REGULAR,USD,put
TSLA260918P00620000,2026-01-22 17:27:07+00:00,620.0,195.65,206.85,208.25,0.0,0.0,10.0,52,0.4174100007629394,True,REGULAR,USD,put
TSLA260918P00630000,2026-01-30 14:38:32+00:00,630.0,212.58,215.7,217.25,0.0,0.0,2.0,38,0.41583836120605466,True,REGULAR,USD,put
TSLA260918P00640000,2026-01-29 15:09:32+00:00,640.0,222.25,224.65,226.2,0.0,0.0,10.0,87,0.41235939208984373,True,REGULAR,USD,put
TSLA260918P00650000,2026-01-08 16:20:17+00:00,650.0,229.25,233.65,235.35,0.0,0.0,1.0,52,0.41040628662109374,True,REGULAR,USD,put
TSLA260918P00660000,2025-11-20 16:22:25+00:00,660.0,258.95,235.95,237.4,0.0,0.0,1.0,61,1.0000000000000003e-05,True,REGULAR,USD,put
TSLA260918P00670000,2025-11-07 18:57:16+00:00,670.0,262.26,244.75,246.7,0.0,0.0,1.0,66,1.0000000000000003e-05,True,REGULAR,USD,put
TSLA260918P00680000,2026-01-09 17:01:56+00:00,680.0,247.42,261.2,263.1,0.0,0.0,2.0,48,0.40192248474121095,True,REGULAR,USD,put
TSLA260918P00690000,2025-12-31 19:47:04+00:00,690.0,252.23,260.55,262.45,0.0,0.0,2.0,134,1.0000000000000003e-05,True,REGULAR,USD,put
TSLA260918P00700000,2026-01-23 17:28:37+00:00,700.0,259.68,279.9,281.9,0.0,0.0,10.0,104,0.3951781674194337,True,REGULAR,USD,put
TSLA260918P00710000,2026-01-27 15:55:34+00:00,710.0,280.55,289.35,291.4,0.0,0.0,12.0,26,0.3919128192138671,True,REGULAR,USD,put
TSLA260918P00720000,2025-12-26 15:20:41+00:00,720.0,258.71,287.9,290.45,0.0,0.0,1.0,33,1.0000000000000003e-05,True,REGULAR,USD,put
TSLA260918P00730000,2025-12-16 20:38:34+00:00,730.0,265.23,296.95,299.9,0.0,0.0,1.0,5,1.0000000000000003e-05,True,REGULAR,USD,put
TSLA260918P00740000,2025-12-16 20:37:50+00:00,740.0,273.89,306.45,309.45,0.0,0.0,1.0,12,1.0000000000000003e-05,True,REGULAR,USD,put
TSLA260918P00750000,2026-01-29 20:18:20+00:00,750.0,333.4,327.7,330.0,0.0,0.0,1.0,47,0.3820252227783203,True,REGULAR,USD,put
TSLA260918P00760000,2025-12-22 14:38:41+00:00,760.0,285.38,325.8,328.85,0.0,0.0,1.0,4,1.0000000000000003e-05,True,REGULAR,USD,put
TSLA260918P00770000,2026-01-20 19:16:39+00:00,770.0,348.25,347.15,350.65,0.0,0.0,1.0,11,0.4167538793945312,True,REGULAR,USD,put
TSLA260918P00780000,2026-01-20 19:14:52+00:00,780.0,357.34,356.95,359.35,0.0,0.0,1.0,4,0.375982802734375,True,REGULAR,USD,put
TSLA260918P00790000,2026-01-30 14:32:55+00:00,790.0,365.2,366.7,370.6,0.0,0.0,15.0,17,0.42889975402832037,True,REGULAR,USD,put
TSLA260918P00800000,2026-01-22 18:04:42+00:00,800.0,355.1,376.7,379.95,0.0,0.0,18.0,22,0.4136411175537109,True,REGULAR,USD,put
TSLA260918P00810000,2025-12-15 14:33:37+00:00,810.0,346.6,374.4,377.55,0.0,0.0,1.0,0,1.0000000000000003e-05,True,REGULAR,USD,put
TSLA260918P00820000,2025-10-10 19:52:50+00:00,820.0,411.55,416.05,424.0,0.0,0.0,6.0,7,0.7442347354125977,True,REGULAR,USD,put
TSLA260918P00830000,2025-10-10 19:43:29+00:00,830.0,422.45,425.65,433.0,0.0,0.0,6.0,9,0.7448908567810058,True,REGULAR,USD,put
TSLA260918P00840000,2026-01-12 14:57:50+00:00,840.0,392.35,413.9,421.55,0.0,0.0,1.0,0,0.4886525744628907,True,REGULAR,USD,put
TSLA260918P00850000,2025-10-20 19:29:48+00:00,850.0,412.25,432.0,434.15,0.0,0.0,1.0,9,0.5313462393188476,True,REGULAR,USD,put
TSLA260918P00860000,2025-10-17 15:03:52+00:00,860.0,432.1,438.0,443.85,0.0,0.0,2.0,7,0.5540816076660158,True,REGULAR,USD,put
TSLA260918P00870000,2025-12-30 18:28:20+00:00,870.0,412.9,433.55,437.1,0.0,0.0,2.0,0,1.0000000000000003e-05,True,REGULAR,USD,put
TSLA260918P00880000,2025-12-22 14:41:35+00:00,880.0,394.95,443.45,447.55,0.0,0.0,5.0,0,1.0000000000000003e-05,True,REGULAR,USD,put
TSLA260918P00890000,2025-10-16 18:32:41+00:00,890.0,472.3,485.4,487.9,0.0,0.0,,2,0.7606072523498537,True,REGULAR,USD,put
TSLA260918P00900000,2025-12-31 20:12:13+00:00,900.0,450.91,464.0,467.3,0.0,0.0,2.0,0,1.0000000000000003e-05,True,REGULAR,USD,put
TSLA260918P00910000,2025-10-17 13:49:52+00:00,910.0,485.95,490.55,492.3,0.0,0.0,2.0,4,0.5277757183837892,True,REGULAR,USD,put
TSLA260918P00920000,2025-12-22 19:04:57+00:00,920.0,430.6,483.15,487.4,0.0,0.0,10.0,0,1.0000000000000003e-05,True,REGULAR,USD,put
TSLA260918P00930000,2025-11-07 19:02:59+00:00,930.0,500.85,492.4,495.35,0.0,0.0,2.0,0,1.0000000000000003e-05,True,REGULAR,USD,put
TSLA260918P00940000,2026-01-22 14:43:18+00:00,940.0,505.83,515.05,520.2,0.0,0.0,2.0,0,0.5042774182128906,True,REGULAR,USD,put
TSLA260918P00950000,2026-01-22 14:43:18+00:00,950.0,515.82,525.65,530.3,0.0,0.0,,0,0.5133105310058592,True,REGULAR,USD,put
TSLA260918P00990000,2026-01-22 18:03:01+00:00,990.0,544.33,565.05,570.75,0.0,0.0,,0,0.5499922930908205,True,REGULAR,USD,put
