contractSymbol,lastTradeDate,strike,lastPrice,bid,ask,change,percentChange,volume,openInterest,impliedVolatility,inTheMoney,contractSize,currency,type
TSLA260618C00005000,2026-05-13 16:05:22+00:00,5.0,442.22,439.2,441.4,9.220001,2.1293306,150.0,9265,4.906253867187499,True,REGULAR,USD,call
TSLA260618C00010000,2026-04-29 16:42:54+00:00,10.0,361.7,433.2,437.45,0.0,0.0,98.0,179,4.296879628906249,True,REGULAR,USD,call
TSLA260618C00015000,2026-04-23 13:43:11+00:00,15.0,365.61,428.15,432.45,0.0,0.0,55.0,60,3.593751015625,True,REGULAR,USD,call
TSLA260618C00020000,2026-05-06 14:09:15+00:00,20.0,372.0,423.25,427.5,0.0,0.0,1.0,535,3.67968830078125,True,REGULAR,USD,call
TSLA260618C00025000,2026-02-23 19:39:01+00:00,25.0,370.06,0.0,0.0,0.0,0.0,1.0,0,1.0000000000000003e-05,True,REGULAR,USD,call
TSLA260618C00030000,2026-05-12 17:29:33+00:00,30.0,396.59,413.2,417.55,0.0,0.0,44.0,59,3.16406458984375,True,REGULAR,USD,call
TSLA260618C00035000,2026-04-24 13:43:28+00:00,35.0,344.23,408.3,412.55,0.0,0.0,14.0,63,3.1015647460937497,True,REGULAR,USD,call
TSLA260618C00040000,2026-04-14 14:36:26+00:00,40.0,323.1,403.25,407.55,0.0,0.0,3.0,20,2.8750028125,True,REGULAR,USD,call
TSLA260618C00045000,2026-03-20 14:27:51+00:00,45.0,327.04,355.05,357.3,0.0,0.0,12.0,15,1.0000000000000003e-05,True,REGULAR,USD,call
TSLA260618C00050000,2026-05-07 13:59:09+00:00,50.0,363.5,394.35,396.55,0.0,0.0,1.0,1174,2.6933626416015626,True,REGULAR,USD,call
TSLA260618C00060000,2026-04-27 17:21:09+00:00,60.0,315.83,383.4,387.65,0.0,0.0,3.0,132,2.56250359375,True,REGULAR,USD,call
TSLA260618C00070000,2026-03-17 19:07:46+00:00,70.0,328.96,330.2,332.5,0.0,0.0,21.0,248,1.0000000000000003e-05,True,REGULAR,USD,call
TSLA260618C00075000,2026-05-13 19:57:55+00:00,75.0,370.26,368.45,372.65,4.76001,1.3023282,1.0,215,2.3007854980468747,True,REGULAR,USD,call
TSLA260618C00080000,2026-05-04 14:41:38+00:00,80.0,311.75,364.45,366.75,0.0,0.0,2.0,807,2.2617230957031245,True,REGULAR,USD,call
TSLA260618C00085000,2026-03-27 18:13:03+00:00,85.0,276.0,0.0,0.0,0.0,0.0,10.0,0,1.0000000000000003e-05,True,REGULAR,USD,call
TSLA260618C00090000,2026-03-27 19:06:47+00:00,90.0,271.2,0.0,0.0,0.0,0.0,2.0,0,1.0000000000000003e-05,True,REGULAR,USD,call
TSLA260618C00095000,2026-04-24 18:32:10+00:00,95.0,281.15,348.5,352.8,0.0,0.0,25.0,216,2.0732470043945312,True,REGULAR,USD,call
TSLA260618C00100000,2026-05-12 18:30:13+00:00,100.0,330.28,344.6,346.9,0.0,0.0,10.0,3198,2.0664110839843746,True,REGULAR,USD,call
TSLA260618C00105000,2026-05-13 19:02:10+00:00,105.0,342.45,339.5,341.9,75.890015,28.470144,10.0,2671,1.97265638671875,True,REGULAR,USD,call
TSLA260618C00110000,2026-05-12 17:59:35+00:00,110.0,318.4,333.5,338.0,0.0,0.0,20.0,401,1.9384768701171877,True,REGULAR,USD,call
TSLA260618C00115000,2026-05-12 14:47:52+00:00,115.0,319.73,328.45,333.05,0.0,0.0,2.0,236,1.8779302978515624,True,REGULAR,USD,call
TSLA260618C00120000,2026-05-11 14:50:49+00:00,120.0,302.2,323.55,328.05,0.0,0.0,2.0,455,1.8457038964843748,True,REGULAR,USD,call
TSLA260618C00125000,2026-05-08 17:39:28+00:00,125.0,302.93,318.55,323.05,0.0,0.0,1.0,586,1.7900401123046876,True,REGULAR,USD,call
TSLA260618C00130000,2026-05-13 15:14:28+00:00,130.0,319.41,313.6,318.1,8.709991,2.8033445,3.0,118,1.7583019897460939,True,REGULAR,USD,call
TSLA260618C00135000,2026-05-11 18:45:03+00:00,135.0,311.21,308.55,313.15,0.0,0.0,22.0,290,1.7070327148437499,True,REGULAR,USD,call
TSLA260618C00140000,2026-05-11 18:28:06+00:00,140.0,308.0,304.7,306.95,0.0,0.0,3.0,1063,1.6474627001953124,True,REGULAR,USD,call
TSLA260618C00145000,2026-04-17 15:00:22+00:00,145.0,262.73,298.6,303.2,0.0,0.0,6.0,278,1.6279315478515624,True,REGULAR,USD,call
TSLA260618C00150000,2026-05-13 16:32:05+00:00,150.0,302.9,294.8,297.0,28.669983,10.454721,7.0,8579,1.5815450610351558,True,REGULAR,USD,call
TSLA260618C00155000,2026-05-11 15:49:54+00:00,155.0,286.23,288.65,293.25,0.0,0.0,4.0,284,1.5532248901367183,True,REGULAR,USD,call
TSLA260618C00160000,2026-05-12 18:23:02+00:00,160.0,270.22,284.8,287.0,0.0,0.0,2.0,871,1.4931665966796874,True,REGULAR,USD,call
TSLA260618C00165000,2026-05-08 17:20:48+00:00,165.0,280.0,279.85,282.25,17.0,6.463878,1.0,1079,1.4960962695312499,True,REGULAR,USD,call
TSLA260618C00170000,2026-05-12 15:57:24+00:00,170.0,280.0,273.8,277.9,23.51001,9.166054,1.0,1468,1.394045998535156,True,REGULAR,USD,call
TSLA260618C00175000,2026-05-13 16:51:05+00:00,175.0,276.0,269.95,272.2,19.630005,7.656904,1.0,1234,1.4204130541992188,True,REGULAR,USD,call
TSLA260618C00180000,2026-05-12 14:19:44+00:00,180.0,259.67,265.0,267.15,0.0,0.0,5.0,1948,1.3803741918945311,True,REGULAR,USD,call
TSLA260618C00185000,2026-05-12 13:36:14+00:00,185.0,256.0,259.95,262.35,0.0,0.0,1.0,1739,1.3603547607421875,True,REGULAR,USD,call
TSLA260618C00190000,2026-05-11 18:49:55+00:00,190.0,260.61,255.0,257.35,5.0099792,1.9600857,1.0,2316,1.3276400805664061,True,REGULAR,USD,call
TSLA260618C00195000,2026-05-11 18:03:43+00:00,195.0,251.0,250.0,252.3,0.0,0.0,7.0,1199,1.2851598242187499,True,REGULAR,USD,call
TSLA260618C00200000,2026-05-13 18:13:46+00:00,200.0,246.0,245.1,247.4,17.679993,7.7435145,227.0,7179,1.2700231811523435,True,REGULAR,USD,call
TSLA260618C00205000,2026-05-04 17:08:44+00:00,205.0,187.01,238.95,243.55,0.0,0.0,,1,1.2343788281249999,True,REGULAR,USD,call
TSLA260618C00210000,2026-05-13 16:31:49+00:00,210.0,243.11,235.1,237.5,5.5899963,2.3534844,11.0,6820,1.2092324694824215,True,REGULAR,USD,call
TSLA260618C00215000,2026-05-13 18:00:33+00:00,215.0,233.41,229.0,233.65,53.550003,29.773159,2.0,6,1.1796916015624999,True,REGULAR,USD,call
TSLA260618C00220000,2026-05-13 19:47:20+00:00,220.0,225.74,224.9,227.6,17.830002,8.575827,26.0,2383,1.1323285571289063,True,REGULAR,USD,call
TSLA260618C00225000,2026-05-11 15:23:38+00:00,225.0,214.05,219.15,222.85,5.419998,2.5978997,1.0,39,1.050541856689453,True,REGULAR,USD,call
TSLA260618C00230000,2026-05-13 17:37:16+00:00,230.0,219.1,215.25,217.55,20.820007,10.500306,17.0,3996,1.0932662524414063,True,REGULAR,USD,call
TSLA260618C00235000,2026-04-24 14:58:47+00:00,235.0,144.0,209.15,213.8,0.0,0.0,1.0,0,1.0730026818847658,True,REGULAR,USD,call
TSLA260618C00240000,2026-05-13 17:38:47+00:00,240.0,208.82,205.3,207.7,19.420013,10.253439,25.0,3161,1.045170789794922,True,REGULAR,USD,call
TSLA260618C00245000,2026-05-12 19:04:02+00:00,245.0,187.9,199.3,203.85,0.0,0.0,10.0,17,1.0249072192382815,True,REGULAR,USD,call
TSLA260618C00250000,2026-05-13 18:13:31+00:00,250.0,201.5,195.5,197.7,17.619995,9.582334,4.0,3497,0.9975586181640624,True,REGULAR,USD,call
TSLA260618C00255000,2026-04-14 18:28:57+00:00,255.0,184.66,190.35,192.85,72.15,64.12763,6.0,17,0.9675296215820313,True,REGULAR,USD,call
TSLA260618C00260000,2026-05-13 19:07:14+00:00,260.0,188.28,185.7,187.8,18.009995,10.577315,8.0,3406,0.9562992651367187,True,REGULAR,USD,call
TSLA260618C00265000,2026-05-13 14:11:49+00:00,265.0,174.59,179.65,183.85,6.0599976,3.5957975,1.0,28,0.9267585449218749,True,REGULAR,USD,call
TSLA260618C00270000,2026-05-13 17:16:33+00:00,270.0,180.59,175.65,177.9,25.699997,16.592419,1.0,1508,0.9006357592773437,True,REGULAR,USD,call
TSLA260618C00275000,2026-05-12 14:04:54+00:00,275.0,164.43,169.8,173.85,0.0,0.0,1.0,38,0.8774426318359375,True,REGULAR,USD,call
TSLA260618C00280000,2026-05-13 19:54:42+00:00,280.0,166.2,165.8,167.95,9.949997,6.367998,41.0,2778,0.8542495043945313,True,REGULAR,USD,call
TSLA260618C00285000,2026-05-08 14:53:43+00:00,285.0,143.87,159.9,164.0,0.0,0.0,1.0,28,0.833741896972656,True,REGULAR,USD,call
TSLA260618C00290000,2026-05-12 17:30:01+00:00,290.0,138.65,155.95,158.1,0.0,0.0,2.0,2838,0.8129901513671874,True,REGULAR,USD,call
TSLA260618C00295000,2026-05-05 19:59:08+00:00,295.0,97.48,150.1,154.1,0.0,0.0,2.0,134,0.7919942675781251,True,REGULAR,USD,call
TSLA260618C00300000,2026-05-13 19:14:51+00:00,300.0,149.9,146.15,148.15,14.099991,10.382909,25.0,9184,0.7690452783203126,True,REGULAR,USD,call
TSLA260618C00305000,2026-05-13 14:03:34+00:00,305.0,131.5,140.45,143.85,6.779999,5.436176,1.0,115,0.7419459399414061,True,REGULAR,USD,call
TSLA260618C00310000,2026-05-13 16:06:01+00:00,310.0,140.0,136.5,138.05,2.75,2.003643,11.0,2462,0.7251004052734374,True,REGULAR,USD,call
TSLA260618C00315000,2026-05-12 15:16:39+00:00,315.0,138.23,130.55,133.9,21.449997,18.367868,6.0,225,0.6947052014160158,True,REGULAR,USD,call
TSLA260618C00320000,2026-05-13 16:43:58+00:00,320.0,132.37,126.75,128.2,22.419998,20.391085,23.0,3001,0.6862824340820313,True,REGULAR,USD,call
TSLA260618C00325000,2026-05-13 16:16:52+00:00,325.0,127.22,121.2,124.05,26.169998,25.898067,4.0,127,0.6696810375976563,True,REGULAR,USD,call
TSLA260618C00330000,2026-05-13 19:34:00+00:00,330.0,117.8,117.15,118.4,12.230003,11.584734,111.0,6942,0.6525913647460939,True,REGULAR,USD,call
TSLA260618C00335000,2026-05-13 15:32:20+00:00,335.0,118.45,111.7,114.25,26.799995,29.241674,2.0,496,0.6378210046386719,True,REGULAR,USD,call
TSLA260618C00340000,2026-05-13 18:16:54+00:00,340.0,113.98,107.65,108.65,16.330002,16.722992,17.0,4777,0.6209754699707033,True,REGULAR,USD,call
TSLA260618C00345000,2026-05-12 19:13:04+00:00,345.0,91.95,102.55,104.45,0.0,0.0,64.0,557,0.6121864953613283,True,REGULAR,USD,call
TSLA260618C00350000,2026-05-13 19:43:34+00:00,350.0,98.0,98.35,99.15,9.730003,11.023003,84.0,6844,0.5970499279785157,True,REGULAR,USD,call
TSLA260618C00355000,2026-05-13 19:29:18+00:00,355.0,93.9,93.6,94.5,17.489998,22.88967,2.0,1322,0.5833171551513672,True,REGULAR,USD,call
TSLA260618C00360000,2026-05-13 19:44:28+00:00,360.0,88.15,89.05,89.85,9.330002,11.8371,174.0,6572,0.5725140405273439,True,REGULAR,USD,call
TSLA260618C00365000,2026-05-13 19:44:37+00:00,365.0,83.65,84.5,85.3,13.200005,18.7367,94.0,1275,0.5621381677246093,True,REGULAR,USD,call
TSLA260618C00370000,2026-05-13 19:42:47+00:00,370.0,80.15,80.05,80.8,9.349998,13.206212,186.0,4841,0.5528609167480469,True,REGULAR,USD,call
TSLA260618C00375000,2026-05-13 19:44:56+00:00,375.0,75.57,75.65,76.35,13.369999,21.495174,119.0,4462,0.5434615966796876,True,REGULAR,USD,call
TSLA260618C00380000,2026-05-13 19:59:13+00:00,380.0,71.7,71.35,72.05,9.099998,14.536739,725.0,6204,0.5360764166259766,True,REGULAR,USD,call
TSLA260618C00385000,2026-05-13 19:35:00+00:00,385.0,67.0,67.15,67.8,8.310001,14.159143,75.0,3413,0.5287522711181643,True,REGULAR,USD,call
TSLA260618C00390000,2026-05-13 19:58:29+00:00,390.0,63.28,63.05,63.65,9.309998,17.250319,166.0,5619,0.522068988342285,True,REGULAR,USD,call
TSLA260618C00395000,2026-05-13 19:49:22+00:00,395.0,58.72,59.05,59.65,8.470001,16.855724,107.0,2800,0.5163012237548827,True,REGULAR,USD,call
TSLA260618C00400000,2026-05-13 19:59:49+00:00,400.0,55.5,55.2,55.8,9.189999,19.844522,1068.0,17773,0.5118457019042968,True,REGULAR,USD,call
TSLA260618C00405000,2026-05-13 19:28:23+00:00,405.0,51.55,51.45,52.0,8.130001,18.724094,111.0,2383,0.5065356964111327,True,REGULAR,USD,call
TSLA260618C00410000,2026-05-13 19:58:34+00:00,410.0,48.0,47.85,48.35,8.200001,20.603018,338.0,3926,0.502080174560547,True,REGULAR,USD,call
TSLA260618C00415000,2026-05-13 19:44:07+00:00,415.0,43.98,44.4,44.9,7.079998,19.186987,738.0,4734,0.5039112109375,True,REGULAR,USD,call
TSLA260618C00420000,2026-05-13 19:57:34+00:00,420.0,41.3,41.2,41.6,7.6499977,22.734018,991.0,13234,0.5007984490966797,True,REGULAR,USD,call
TSLA260618C00425000,2026-05-13 19:19:52+00:00,425.0,38.0,38.0,38.5,7.1000004,22.977348,316.0,9577,0.49893689544677733,True,REGULAR,USD,call
TSLA260618C00430000,2026-05-13 19:58:58+00:00,430.0,35.36,35.1,35.5,6.9000015,24.244558,2562.0,13991,0.49631240997314463,True,REGULAR,USD,call
TSLA260618C00435000,2026-05-13 19:57:44+00:00,435.0,32.5,32.3,32.7,6.3999996,24.52107,724.0,2645,0.49478654632568364,True,REGULAR,USD,call
TSLA260618C00440000,2026-05-13 19:59:06+00:00,440.0,29.82,29.75,30.1,5.9699993,25.031443,1811.0,8768,0.4942677526855469,True,REGULAR,USD,call
TSLA260618C00445000,2026-05-13 19:59:26+00:00,445.0,27.59,27.4,27.65,5.67,25.866789,1876.0,7192,0.4938099935913086,True,REGULAR,USD,call
TSLA260618C00450000,2026-05-13 19:59:44+00:00,450.0,25.33,25.1,25.25,5.459999,27.478603,7010.0,23701,0.49170430175781255,False,REGULAR,USD,call
TSLA260618C00455000,2026-05-13 19:58:44+00:00,455.0,23.16,23.0,23.2,5.01,27.603308,2745.0,5600,0.4933217172241212,False,REGULAR,USD,call
TSLA260618C00460000,2026-05-13 19:59:58+00:00,460.0,21.16,21.05,21.25,4.5599995,27.469875,2627.0,6036,0.4942677526855469,False,REGULAR,USD,call
TSLA260618C00465000,2026-05-13 19:59:07+00:00,465.0,19.31,19.2,19.45,4.1099997,27.039473,856.0,2622,0.49551896087646485,False,REGULAR,USD,call
TSLA260618C00470000,2026-05-13 19:58:08+00:00,470.0,17.7,17.6,17.75,3.8700008,27.982653,2357.0,3935,0.4962513754272462,False,REGULAR,USD,call
TSLA260618C00475000,2026-05-13 19:59:48+00:00,475.0,16.2,16.05,16.25,3.4500008,27.058828,2124.0,3970,0.4984486190795898,False,REGULAR,USD,call
TSLA260618C00480000,2026-05-13 19:59:37+00:00,480.0,14.79,14.65,14.85,3.13,26.84391,3092.0,7784,0.50040172454834,False,REGULAR,USD,call
TSLA260618C00485000,2026-05-13 19:49:12+00:00,485.0,13.45,13.4,13.55,2.8000002,26.291084,588.0,1779,0.5006763800048828,False,REGULAR,USD,call
TSLA260618C00490000,2026-05-13 19:59:29+00:00,490.0,12.25,12.25,12.4,2.5500002,26.288662,1878.0,8530,0.5033924172973633,False,REGULAR,USD,call
TSLA260618C00495000,2026-05-13 19:58:38+00:00,495.0,11.25,11.2,11.35,2.4499998,27.840906,2318.0,11729,0.5062305236816407,False,REGULAR,USD,call
TSLA260618C00500000,2026-05-13 19:59:58+00:00,500.0,10.3,10.2,10.35,2.2200003,27.475252,13603.0,30139,0.5083056982421875,False,REGULAR,USD,call
TSLA260618C00505000,2026-05-13 19:58:51+00:00,505.0,9.42,9.35,9.5,1.77,23.137255,772.0,1963,0.5119067364501952,False,REGULAR,USD,call
TSLA260618C00510000,2026-05-13 19:57:15+00:00,510.0,8.7,8.55,8.7,1.77,25.541126,591.0,2304,0.5149584637451172,False,REGULAR,USD,call
TSLA260618C00515000,2026-05-13 19:53:59+00:00,515.0,7.9,7.85,8.0,1.3200002,20.060793,278.0,1110,0.5188646746826171,False,REGULAR,USD,call
TSLA260618C00520000,2026-05-13 19:58:16+00:00,520.0,7.27,7.2,7.35,1.4699998,25.344824,1199.0,3193,0.5224657128906249,False,REGULAR,USD,call
TSLA260618C00525000,2026-05-13 19:59:51+00:00,525.0,6.7,6.55,6.75,1.29,23.844732,468.0,2504,0.5252733020019531,False,REGULAR,USD,call
TSLA260618C00530000,2026-05-13 19:59:59+00:00,530.0,6.15,6.1,6.2,1.1500001,23.000002,595.0,3296,0.5300950311279298,False,REGULAR,USD,call
TSLA260618C00535000,2026-05-13 19:59:22+00:00,535.0,5.67,5.6,5.75,1.4700003,35.000008,936.0,520,0.5343674493408204,False,REGULAR,USD,call
TSLA260618C00540000,2026-05-13 19:59:30+00:00,540.0,5.25,5.15,5.3,0.9200001,21.247116,699.0,3110,0.5381515911865236,False,REGULAR,USD,call
TSLA260618C00545000,2026-05-13 19:49:13+00:00,545.0,4.8,4.7,4.9,0.6500001,15.662652,313.0,1044,0.5414474566650394,False,REGULAR,USD,call
TSLA260618C00550000,2026-05-13 19:59:56+00:00,550.0,4.5,4.45,4.55,0.79999995,21.62162,2487.0,13071,0.5478560839843751,False,REGULAR,USD,call
TSLA260618C00555000,2026-05-13 19:53:04+00:00,555.0,4.1,4.1,4.25,1.2199998,42.361103,85.0,519,0.5523726403808593,False,REGULAR,USD,call
TSLA260618C00560000,2026-05-13 19:59:53+00:00,560.0,3.87,3.8,3.9,0.56999993,17.272726,364.0,3009,0.5559126440429689,False,REGULAR,USD,call
TSLA260618C00565000,2026-05-13 18:27:23+00:00,565.0,3.55,3.5,3.65,0.3699999,11.635217,101.0,1636,0.5603071313476562,False,REGULAR,USD,call
TSLA260618C00570000,2026-05-13 18:59:56+00:00,570.0,3.37,3.3,3.4,0.54999995,19.503546,203.0,2051,0.5659223095703125,False,REGULAR,USD,call
TSLA260618C00575000,2026-05-13 18:05:12+00:00,575.0,3.6,3.05,3.15,0.78999996,28.11388,46.0,287,0.5695233477783204,False,REGULAR,USD,call
TSLA260618C00580000,2026-05-13 19:49:15+00:00,580.0,2.88,2.88,2.94,0.35000014,13.833999,183.0,2913,0.5749554223632812,False,REGULAR,USD,call
TSLA260618C00585000,2026-05-13 18:10:59+00:00,585.0,2.75,2.69,2.75,0.25,10.0,69.0,271,0.5797161169433593,False,REGULAR,USD,call
TSLA260618C00590000,2026-05-13 18:50:47+00:00,590.0,2.66,2.52,2.58,0.35000014,15.151522,65.0,2198,0.5845988806152342,False,REGULAR,USD,call
TSLA260618C00600000,2026-05-13 19:59:24+00:00,600.0,2.24,2.22,2.27,0.26,13.131313,3843.0,19571,0.5942423388671876,False,REGULAR,USD,call
TSLA260618C00610000,2026-05-13 19:39:09+00:00,610.0,1.98,1.96,2.01,0.21000004,11.864409,154.0,1624,0.603763728027344,False,REGULAR,USD,call
TSLA260618C00620000,2026-05-13 18:49:06+00:00,620.0,1.81,1.73,1.79,0.13,7.7380953,96.0,1927,0.6131630480957033,False,REGULAR,USD,call
TSLA260618C00630000,2026-05-13 18:51:29+00:00,630.0,1.66,1.55,1.6,0.23000002,16.083918,81.0,1355,0.62305064453125,False,REGULAR,USD,call
TSLA260618C00640000,2026-05-13 19:09:42+00:00,640.0,1.49,1.38,1.43,0.18000007,13.740464,49.0,1514,0.6320837573242188,False,REGULAR,USD,call
TSLA260618C00650000,2026-05-13 19:48:52+00:00,650.0,1.27,1.24,1.29,0.09000003,7.6271224,349.0,7581,0.641605146484375,False,REGULAR,USD,call
TSLA260618C00660000,2026-05-13 19:46:50+00:00,660.0,1.14,1.11,1.16,0.08000004,7.547174,39.0,3127,0.6501499829101562,False,REGULAR,USD,call
TSLA260618C00670000,2026-05-13 19:10:17+00:00,670.0,1.03,1.01,1.05,0.23999995,30.379738,58.0,1228,0.6596713720703126,False,REGULAR,USD,call
TSLA260618C00680000,2026-05-13 19:31:50+00:00,680.0,0.92,0.91,0.95,0.15000004,19.480524,84.0,2496,0.668094139404297,False,REGULAR,USD,call
TSLA260618C00690000,2026-05-13 19:51:34+00:00,690.0,0.83,0.83,0.87,0.01999998,2.4691334,10.0,2646,0.6774934594726563,False,REGULAR,USD,call
TSLA260618C00700000,2026-05-13 19:47:32+00:00,700.0,0.76,0.73,0.79,0.0,0.0,1550.0,19931,0.6840851904296876,False,REGULAR,USD,call
TSLA260618C00710000,2026-05-13 19:02:09+00:00,710.0,0.72,0.68,0.72,-0.13999999,-16.279068,4.0,2304,0.69336244140625,False,REGULAR,USD,call
TSLA260618C00720000,2026-05-13 17:39:04+00:00,720.0,0.66,0.62,0.66,0.050000012,8.196723,3.0,2349,0.7016631396484375,False,REGULAR,USD,call
TSLA260618C00730000,2026-05-13 15:26:23+00:00,730.0,0.72,0.56,0.6,0.19000006,35.849068,3.0,2903,0.7084990087890625,False,REGULAR,USD,call
TSLA260618C00740000,2026-05-13 15:33:39+00:00,740.0,0.72,0.5,0.55,0.26000002,56.521744,2.0,1293,0.7150907397460937,False,REGULAR,USD,call
TSLA260618C00750000,2026-05-13 16:56:23+00:00,750.0,0.56,0.47,0.51,0.06999999,14.285712,43.0,4476,0.7241238525390624,False,REGULAR,USD,call
TSLA260618C00760000,2026-05-13 15:53:58+00:00,760.0,0.54,0.43,0.47,0.09000003,20.00001,10.0,1149,0.7314479980468749,False,REGULAR,USD,call
TSLA260618C00770000,2026-05-13 15:50:25+00:00,770.0,0.49,0.4,0.43,0.17000002,53.125008,105.0,1337,0.7392604199218749,False,REGULAR,USD,call
TSLA260618C00780000,2026-05-13 18:43:32+00:00,780.0,0.39,0.37,0.4,0.0,0.0,14.0,2920,0.7465845654296875,False,REGULAR,USD,call
TSLA260618C00790000,2026-05-11 19:08:40+00:00,790.0,0.45,0.34,0.37,0.0,0.0,8.0,1820,0.7539087109375,False,REGULAR,USD,call
TSLA260618C00800000,2026-05-13 19:14:00+00:00,800.0,0.34,0.31,0.34,-0.00999999,-2.85714,433.0,21056,0.7597680273437502,False,REGULAR,USD,call
TSLA260618C00810000,2026-05-13 14:12:56+00:00,810.0,0.3,0.29,0.32,0.0,0.0,1.0,3094,0.7675804492187501,False,REGULAR,USD,call
TSLA260618C00820000,2026-05-13 17:19:09+00:00,820.0,0.31,0.27,0.3,0.0,0.0,7.0,2734,0.7749045947265626,False,REGULAR,USD,call
TSLA260618C00830000,2026-05-13 16:40:11+00:00,830.0,0.31,0.25,0.28,0.050000012,19.230774,152.0,842,0.7817404638671875,False,REGULAR,USD,call
TSLA260618C00840000,2026-05-13 16:09:32+00:00,840.0,0.28,0.24,0.26,-0.02000001,-6.6666694,1.0,1579,0.789064609375,False,REGULAR,USD,call
TSLA260618C00850000,2026-05-13 15:03:09+00:00,850.0,0.28,0.22,0.25,0.07000001,33.33334,18.0,1521,0.79687703125,False,REGULAR,USD,call
TSLA260618C00860000,2026-05-13 15:43:52+00:00,860.0,0.29,0.21,0.23,0.099999994,52.631573,1.0,866,0.8032246240234374,False,REGULAR,USD,call
TSLA260618C00870000,2026-05-12 13:30:02+00:00,870.0,0.24,0.17,0.22,0.0,0.0,4.0,365,0.804689453125,False,REGULAR,USD,call
TSLA260618C00880000,2026-05-13 15:56:35+00:00,880.0,0.22,0.18,0.21,0.019999996,9.999997,13.0,1674,0.8164080859374999,False,REGULAR,USD,call
TSLA260618C00890000,2026-05-13 18:01:43+00:00,890.0,0.18,0.15,0.2,-0.019999996,-9.999997,6.0,516,0.8193377441406249,False,REGULAR,USD,call
TSLA260618C00900000,2026-05-13 19:24:24+00:00,900.0,0.17,0.17,0.19,-0.010000005,-5.555558,67.0,7023,0.8330094824218748,False,REGULAR,USD,call
TSLA260618C00910000,2026-05-13 16:40:11+00:00,910.0,0.18,0.16,0.18,0.0,0.0,151.0,1212,0.8388687988281249,False,REGULAR,USD,call
TSLA260618C00920000,2026-05-13 18:59:36+00:00,920.0,0.16,0.14,0.18,-0.02000001,-11.111116,7.0,1791,0.8457046679687499,False,REGULAR,USD,call
TSLA260618C00930000,2026-05-13 16:37:29+00:00,930.0,0.17,0.14,0.17,0.030000001,21.428572,1.0,1609,0.8535170898437501,False,REGULAR,USD,call
TSLA260618C00940000,2026-05-13 18:49:33+00:00,940.0,0.15,0.13,0.15,0.02000001,15.384624,5.0,10475,0.8554701953125,False,REGULAR,USD,call
TSLA260618C00950000,2026-05-13 19:24:43+00:00,950.0,0.13,0.13,0.16,0.0,0.0,16.0,51626,0.86914193359375,False,REGULAR,USD,call
TSLA260618C00960000,2026-05-13 18:57:27+00:00,960.0,0.12,0.13,0.15,-0.020000003,-14.285716,72.0,68008,0.87695435546875,False,REGULAR,USD,call
TSLA260618C00970000,2026-05-12 19:41:55+00:00,970.0,0.14,0.11,0.15,0.0,0.0,2.0,2043,0.8808605664062499,False,REGULAR,USD,call
TSLA260618C00980000,2026-05-12 15:56:30+00:00,980.0,0.15,0.11,0.14,0.040000007,36.36364,2.0,1201,0.8867198828124999,False,REGULAR,USD,call
TSLA260618C00990000,2026-05-13 19:58:51+00:00,990.0,0.13,0.12,0.13,0.009999998,8.333331,4961.0,17507,0.8964854101562498,False,REGULAR,USD,call
TSLA260618P00005000,2026-04-27 14:36:50+00:00,5.0,0.01,0.0,0.01,0.0,0.0,5.0,5171,4.2500046875,False,REGULAR,USD,put
TSLA260618P00010000,2026-04-14 14:14:59+00:00,10.0,0.01,0.0,0.01,0.0,0.0,10.0,7325,3.50000125,False,REGULAR,USD,put
TSLA260618P00015000,2026-03-13 16:02:53+00:00,15.0,0.09,0.0,0.02,0.0,0.0,1.0,2492,3.281251796875,False,REGULAR,USD,put
TSLA260618P00020000,2026-05-08 16:25:44+00:00,20.0,0.02,0.0,0.21,0.0,0.0,1.0,5590,3.67968830078125,False,REGULAR,USD,put
TSLA260618P00025000,2026-04-30 17:01:47+00:00,25.0,0.01,0.0,0.05,0.0,0.0,1.0,2157,2.9687525781249997,False,REGULAR,USD,put
TSLA260618P00030000,2026-04-09 15:04:15+00:00,30.0,0.01,0.0,0.19,0.0,0.0,100.0,1713,3.13281466796875,False,REGULAR,USD,put
TSLA260618P00035000,2026-03-31 14:45:24+00:00,35.0,0.03,0.0,0.0,0.0,0.0,2.0,0,0.500005,False,REGULAR,USD,put
TSLA260618P00040000,2026-03-31 17:17:57+00:00,40.0,0.09,0.0,0.0,0.0,0.0,4.0,0,0.500005,False,REGULAR,USD,put
TSLA260618P00045000,2026-03-30 19:13:29+00:00,45.0,0.04,0.0,0.0,0.0,0.0,2.0,0,0.500005,False,REGULAR,USD,put
TSLA260618P00050000,2026-04-30 16:11:24+00:00,50.0,0.02,0.0,0.01,0.0,0.0,1.0,12944,1.96875015625,False,REGULAR,USD,put
TSLA260618P00060000,2026-04-23 18:58:57+00:00,60.0,0.02,0.0,0.43,0.0,0.0,5.0,1688,2.513675590820312,False,REGULAR,USD,put
TSLA260618P00070000,2026-05-01 16:07:07+00:00,70.0,0.02,0.0,0.08,0.0,0.0,3.0,2370,1.9609376953125,False,REGULAR,USD,put
TSLA260618P00075000,2026-05-08 19:58:21+00:00,75.0,0.01,0.0,0.02,0.0,0.0,5.0,2331,1.6875015625,False,REGULAR,USD,put
TSLA260618P00080000,2026-05-01 14:11:11+00:00,80.0,0.03,0.0,0.28,0.0,0.0,2.0,2387,2.0546923632812497,False,REGULAR,USD,put
TSLA260618P00085000,2026-05-04 19:43:01+00:00,85.0,0.03,0.0,0.05,0.0,0.0,1.0,945,1.6875015625,False,REGULAR,USD,put
TSLA260618P00090000,2026-05-08 17:56:27+00:00,90.0,0.03,0.01,0.06,0.0,0.0,4.0,1355,1.6796891015625,False,REGULAR,USD,put
TSLA260618P00095000,2026-05-08 16:25:44+00:00,95.0,0.06,0.02,0.12,0.0,0.0,1.0,10203,1.7265638671875,False,REGULAR,USD,put
TSLA260618P00100000,2026-05-13 13:54:18+00:00,100.0,0.14,0.02,0.14,0.11,366.66666,5.0,18692,1.69140779296875,False,REGULAR,USD,put
TSLA260618P00105000,2026-05-13 17:26:31+00:00,105.0,0.07,0.02,0.12,0.0,0.0,5.0,863,1.6171894140625,False,REGULAR,USD,put
TSLA260618P00110000,2026-05-13 16:30:20+00:00,110.0,0.05,0.03,0.09,0.010000002,25.000004,42.0,2479,1.54297103515625,False,REGULAR,USD,put
TSLA260618P00115000,2026-05-05 17:36:26+00:00,115.0,0.05,0.0,0.12,0.0,0.0,1.0,1250,1.4960962695312499,False,REGULAR,USD,put
TSLA260618P00120000,2026-05-13 17:26:36+00:00,120.0,0.03,0.02,0.16,-0.020000001,-40.000004,5.0,3514,1.5078149609375,False,REGULAR,USD,put
TSLA260618P00125000,2026-05-13 18:51:00+00:00,125.0,0.1,0.03,0.2,0.060000002,150.0,3.0,4249,1.4980493847656249,False,REGULAR,USD,put
TSLA260618P00130000,2026-05-13 15:56:59+00:00,130.0,0.14,0.01,0.45,0.08,133.33333,5.0,2760,1.5664084179687499,False,REGULAR,USD,put
TSLA260618P00135000,2026-05-13 19:29:18+00:00,135.0,0.24,0.0,4.3,0.16999999,242.85709,9.0,1800,2.097905145874023,False,REGULAR,USD,put
TSLA260618P00140000,2026-05-13 18:58:05+00:00,140.0,0.05,0.05,0.28,-0.009999998,-16.666662,21.0,4170,1.421877890625,False,REGULAR,USD,put
TSLA260618P00145000,2026-05-12 17:06:14+00:00,145.0,0.08,0.06,0.14,0.0,0.0,1.0,2879,1.3105503222656247,False,REGULAR,USD,put
TSLA260618P00150000,2026-05-13 19:47:09+00:00,150.0,0.07,0.05,0.09,0.0,0.0,4.0,10481,1.23047259765625,False,REGULAR,USD,put
TSLA260618P00155000,2026-05-13 18:10:35+00:00,155.0,0.08,0.04,0.29,-0.020000003,-20.000002,3.0,1529,1.3027378613281246,False,REGULAR,USD,put
TSLA260618P00160000,2026-05-13 19:47:09+00:00,160.0,0.08,0.0,0.15,-0.020000003,-20.000002,3.0,17835,1.1679729101562502,False,REGULAR,USD,put
TSLA260618P00165000,2026-05-11 19:34:10+00:00,165.0,0.1,0.01,0.13,0.0,0.0,54.0,2641,1.125004375,False,REGULAR,USD,put
TSLA260618P00170000,2026-05-13 19:29:36+00:00,170.0,0.05,0.02,0.11,-0.06999999,-58.333332,28.0,3339,1.0859420703125,False,REGULAR,USD,put
TSLA260618P00175000,2026-05-13 17:39:58+00:00,175.0,0.1,0.05,0.52,-0.009999998,-9.090907,23.0,2413,1.236331943359375,False,REGULAR,USD,put
TSLA260618P00180000,2026-05-13 19:44:57+00:00,180.0,0.09,0.09,4.4,-0.03999999,-30.769224,4.0,7518,1.6391619604492185,False,REGULAR,USD,put
TSLA260618P00185000,2026-05-11 18:19:33+00:00,185.0,0.19,0.1,0.27,0.07,58.333336,2.0,1925,1.109379453125,False,REGULAR,USD,put
TSLA260618P00190000,2026-05-13 19:30:26+00:00,190.0,0.1,0.02,0.34,-0.07,-41.17647,3.0,4038,1.0742233789062503,False,REGULAR,USD,put
TSLA260618P00195000,2026-05-12 17:15:38+00:00,195.0,0.17,0.05,0.17,0.0,0.0,3.0,5709,0.9882813671875,False,REGULAR,USD,put
TSLA260618P00200000,2026-05-13 19:26:44+00:00,200.0,0.15,0.08,0.18,-0.030000001,-16.666666,64.0,16467,0.9775392871093751,False,REGULAR,USD,put
TSLA260618P00205000,2026-05-13 19:31:47+00:00,205.0,0.22,0.06,0.54,0.019999996,9.999997,2.0,673,1.0459032080078128,False,REGULAR,USD,put
TSLA260618P00210000,2026-05-13 19:18:48+00:00,210.0,0.11,0.1,0.18,-0.09,-45.0,32.0,5106,0.929688203125,False,REGULAR,USD,put
TSLA260618P00215000,2026-05-13 19:32:01+00:00,215.0,0.24,0.14,0.19,0.019999996,9.090907,1.0,149,0.918946123046875,False,REGULAR,USD,put
TSLA260618P00220000,2026-05-13 18:36:38+00:00,220.0,0.18,0.15,0.21,-0.06999999,-27.999996,43.0,6063,0.9003916210937499,False,REGULAR,USD,put
TSLA260618P00225000,2026-05-13 19:31:55+00:00,225.0,0.2,0.0,0.22,-0.049999997,-19.999998,4.0,319,0.8281267187499999,False,REGULAR,USD,put
TSLA260618P00230000,2026-05-12 19:37:25+00:00,230.0,0.28,0.07,0.24,0.0,0.0,5.0,6464,0.8339860351562498,False,REGULAR,USD,put
TSLA260618P00235000,2026-05-13 18:48:13+00:00,235.0,0.23,0.01,0.63,-0.07000001,-23.333336,80.0,309,0.8828136718749999,False,REGULAR,USD,put
TSLA260618P00240000,2026-05-13 18:47:30+00:00,240.0,0.24,0.0,0.46,-0.07000001,-22.580648,81.0,7213,0.8212908496093749,False,REGULAR,USD,put
TSLA260618P00245000,2026-05-12 15:06:19+00:00,245.0,0.27,0.24,0.3,-0.049999982,-15.624994,1.0,1069,0.8120135986328124,False,REGULAR,USD,put
TSLA260618P00250000,2026-05-13 19:00:33+00:00,250.0,0.3,0.27,0.31,-0.03999999,-11.764703,71.0,15460,0.7939473730468749,False,REGULAR,USD,put
TSLA260618P00255000,2026-05-13 16:48:41+00:00,255.0,0.34,0.26,0.36,-0.049999982,-12.820508,2.0,475,0.7758811474609376,False,REGULAR,USD,put
TSLA260618P00260000,2026-05-12 16:11:19+00:00,260.0,0.41,0.31,0.34,0.0,0.0,8.0,4740,0.75586181640625,False,REGULAR,USD,put
TSLA260618P00265000,2026-05-13 19:59:08+00:00,265.0,0.37,0.34,0.37,-0.06999999,-15.909089,11.0,712,0.7407252490234374,False,REGULAR,USD,put
TSLA260618P00270000,2026-05-13 19:18:18+00:00,270.0,0.39,0.38,0.41,-0.09,-18.75,94.0,6010,0.7270535107421875,False,REGULAR,USD,put
TSLA260618P00275000,2026-05-13 19:23:05+00:00,275.0,0.42,0.4,0.44,-0.099999994,-19.230768,55.0,962,0.70898728515625,False,REGULAR,USD,put
TSLA260618P00280000,2026-05-13 19:49:22+00:00,280.0,0.45,0.45,0.46,-0.13,-22.413794,93.0,8546,0.69336244140625,False,REGULAR,USD,put
TSLA260618P00285000,2026-05-13 19:38:36+00:00,285.0,0.49,0.47,0.51,-0.13,-20.967741,14.0,921,0.6772493212890626,False,REGULAR,USD,put
TSLA260618P00290000,2026-05-13 19:43:40+00:00,290.0,0.53,0.53,0.55,-0.14000005,-20.895529,2095.0,7893,0.6630893066406252,False,REGULAR,USD,put
TSLA260618P00295000,2026-05-13 18:16:28+00:00,295.0,0.6,0.57,0.61,-0.120000005,-16.666666,117.0,1559,0.6486851538085938,False,REGULAR,USD,put
TSLA260618P00300000,2026-05-13 19:46:51+00:00,300.0,0.63,0.63,0.66,-0.18,-22.222221,446.0,21281,0.6342810009765626,False,REGULAR,USD,put
TSLA260618P00305000,2026-05-13 19:21:10+00:00,305.0,0.71,0.69,0.73,-0.17000002,-19.318184,89.0,1864,0.6206092626953126,False,REGULAR,USD,put
TSLA260618P00310000,2026-05-13 18:52:15+00:00,310.0,0.79,0.77,0.8,-0.19999999,-20.202019,634.0,4874,0.6074258007812501,False,REGULAR,USD,put
TSLA260618P00315000,2026-05-13 19:21:09+00:00,315.0,0.87,0.85,0.89,-0.25,-22.321428,65.0,2811,0.594730615234375,False,REGULAR,USD,put
TSLA260618P00320000,2026-05-13 19:57:04+00:00,320.0,0.97,0.95,0.99,-0.28999996,-23.015871,177.0,10485,0.5827678442382812,False,REGULAR,USD,put
TSLA260618P00325000,2026-05-13 19:20:00+00:00,325.0,1.1,1.07,1.11,-0.31999993,-22.535206,185.0,2383,0.5715374877929689,False,REGULAR,USD,put
TSLA260618P00330000,2026-05-13 19:44:28+00:00,330.0,1.22,1.2,1.24,-0.38,-23.75,352.0,11409,0.5600629931640625,False,REGULAR,USD,put
TSLA260618P00335000,2026-05-13 19:38:30+00:00,335.0,1.39,1.36,1.41,-0.48000002,-25.66845,33.0,4037,0.5502974658203126,False,REGULAR,USD,put
TSLA260618P00340000,2026-05-13 19:53:11+00:00,340.0,1.6,1.55,1.6,-0.49999988,-23.809519,432.0,9362,0.5407760766601564,False,REGULAR,USD,put
TSLA260618P00345000,2026-05-13 19:52:37+00:00,345.0,1.84,1.77,1.82,-0.51999986,-22.033894,212.0,2754,0.5317429638671876,False,REGULAR,USD,put
TSLA260618P00350000,2026-05-13 19:39:02+00:00,350.0,2.08,2.03,2.08,-0.73,-25.97865,2694.0,13096,0.523442265625,False,REGULAR,USD,put
TSLA260618P00355000,2026-05-13 19:48:18+00:00,355.0,2.39,2.33,2.39,-0.80999994,-25.312498,184.0,2900,0.51562984375,False,REGULAR,USD,put
TSLA260618P00360000,2026-05-13 19:49:05+00:00,360.0,2.75,2.69,2.76,-0.9000001,-24.657536,1512.0,9402,0.5089160437011719,False,REGULAR,USD,put
TSLA260618P00365000,2026-05-13 19:48:20+00:00,365.0,3.15,3.1,3.2,-1.1199999,-26.229506,1343.0,3968,0.5026294854736328,False,REGULAR,USD,put
TSLA260618P00370000,2026-05-13 19:56:39+00:00,370.0,3.66,3.55,3.7,-1.24,-25.306122,974.0,9128,0.4991505163574219,False,REGULAR,USD,put
TSLA260618P00375000,2026-05-13 19:59:15+00:00,375.0,4.2,4.15,4.25,-1.4000001,-25.000004,685.0,6119,0.4929249926757813,False,REGULAR,USD,put
TSLA260618P00380000,2026-05-13 19:56:40+00:00,380.0,4.91,4.8,4.9,-1.7600002,-26.38681,651.0,8711,0.4877370562744141,False,REGULAR,USD,put
TSLA260618P00385000,2026-05-13 19:41:52+00:00,385.0,5.75,5.55,5.7,-1.8499999,-24.342104,965.0,3902,0.48468532897949224,False,REGULAR,USD,put
TSLA260618P00390000,2026-05-13 19:59:58+00:00,390.0,6.45,6.4,6.55,-2.3500004,-26.704548,417.0,6656,0.4802298071289062,False,REGULAR,USD,put
TSLA260618P00395000,2026-05-13 19:59:49+00:00,395.0,7.44,7.35,7.5,-2.5899997,-25.82253,2168.0,4498,0.4758963543701171,False,REGULAR,USD,put
TSLA260618P00400000,2026-05-13 19:53:40+00:00,400.0,8.54,8.45,8.6,-2.8900003,-25.284342,1866.0,14700,0.47260048889160156,False,REGULAR,USD,put
TSLA260618P00405000,2026-05-13 19:56:23+00:00,405.0,9.88,9.7,9.85,-2.9700003,-23.112843,2034.0,2856,0.470006520690918,False,REGULAR,USD,put
TSLA260618P00410000,2026-05-13 19:59:17+00:00,410.0,11.13,11.1,11.25,-3.5699997,-24.285713,665.0,5059,0.4679008288574219,False,REGULAR,USD,put
TSLA260618P00415000,2026-05-13 19:56:51+00:00,415.0,12.75,12.6,12.8,-3.5,-21.538462,464.0,2214,0.4660697924804688,False,REGULAR,USD,put
TSLA260618P00420000,2026-05-13 19:59:51+00:00,420.0,14.38,14.3,14.45,-4.2200003,-22.688173,1114.0,6033,0.4633842724609375,False,REGULAR,USD,put
TSLA260618P00425000,2026-05-13 19:47:24+00:00,425.0,16.35,16.2,16.35,-4.75,-22.511848,550.0,3335,0.46271289245605474,False,REGULAR,USD,put
TSLA260618P00430000,2026-05-13 19:59:46+00:00,430.0,18.25,18.2,18.4,-5.17,-22.07515,1012.0,9321,0.46201099517822275,False,REGULAR,USD,put
TSLA260618P00435000,2026-05-13 19:56:53+00:00,435.0,20.55,20.4,20.6,-5.4300003,-20.900694,606.0,1366,0.46115651153564463,False,REGULAR,USD,put
TSLA260618P00440000,2026-05-13 19:56:53+00:00,440.0,22.95,22.8,23.0,-5.049999,-18.035711,897.0,6656,0.4611259942626954,False,REGULAR,USD,put
TSLA260618P00445000,2026-05-13 19:56:51+00:00,445.0,25.52,25.35,25.55,-6.16,-19.444445,667.0,1805,0.46097340789794927,False,REGULAR,USD,put
TSLA260618P00450000,2026-05-13 19:59:58+00:00,450.0,28.1,28.1,28.3,-6.699999,-19.25287,1882.0,6757,0.46164478790283214,True,REGULAR,USD,put
TSLA260618P00455000,2026-05-13 19:46:25+00:00,455.0,31.07,30.9,31.2,-6.779999,-17.912811,171.0,957,0.4623161679077149,True,REGULAR,USD,put
TSLA260618P00460000,2026-05-13 19:38:38+00:00,460.0,34.01,33.9,34.25,-6.790001,-16.64216,178.0,970,0.4630180651855469,True,REGULAR,USD,put
TSLA260618P00465000,2026-05-13 18:20:12+00:00,465.0,34.95,37.15,37.6,-9.549999,-21.460672,29.0,474,0.4666191033935547,True,REGULAR,USD,put
TSLA260618P00470000,2026-05-13 18:13:50+00:00,470.0,37.7,40.45,40.85,-10.509998,-21.800455,27.0,894,0.46594772338867196,True,REGULAR,USD,put
TSLA260618P00475000,2026-05-13 13:30:00+00:00,475.0,43.1,43.75,44.75,-12.010002,-21.792782,5.0,561,0.4751334225463867,True,REGULAR,USD,put
TSLA260618P00480000,2026-05-13 18:48:17+00:00,480.0,47.0,47.55,48.0,-9.450001,-16.740479,28.0,1412,0.46960979614257814,True,REGULAR,USD,put
TSLA260618P00485000,2026-05-13 15:20:16+00:00,485.0,48.7,51.05,52.15,-16.05,-24.787643,6.0,205,0.4795584271240234,True,REGULAR,USD,put
TSLA260618P00490000,2026-05-13 15:54:11+00:00,490.0,53.81,54.9,56.0,-6.8899994,-11.350905,1.0,421,0.4815725671386719,True,REGULAR,USD,put
TSLA260618P00495000,2026-05-13 19:41:59+00:00,495.0,60.0,58.85,59.95,-13.309998,-18.155773,11.0,214,0.4836477416992188,True,REGULAR,USD,put
TSLA260618P00500000,2026-05-13 19:48:58+00:00,500.0,63.6,63.1,63.55,-10.400002,-14.054056,162.0,6381,0.4757132507324219,True,REGULAR,USD,put
TSLA260618P00505000,2026-05-11 18:39:09+00:00,505.0,67.4,66.65,68.35,0.0,0.0,10.0,39,0.49335223449707044,True,REGULAR,USD,put
TSLA260618P00510000,2026-05-13 15:20:16+00:00,510.0,67.5,71.25,72.35,-18.949997,-21.920183,7.0,90,0.49066671447753907,True,REGULAR,USD,put
TSLA260618P00515000,2026-05-13 13:45:33+00:00,515.0,85.85,75.55,76.65,-4.800003,-5.2950945,1.0,30,0.49341326904296884,True,REGULAR,USD,put
TSLA260618P00520000,2026-05-13 16:22:26+00:00,520.0,77.08,79.95,81.0,-9.669998,-11.146972,2.0,140,0.4958546508789063,True,REGULAR,USD,put
TSLA260618P00525000,2026-05-13 15:15:05+00:00,525.0,82.8,84.5,85.15,-7.7999954,-8.609266,5.0,673,0.49066671447753907,True,REGULAR,USD,put
TSLA260618P00530000,2026-05-12 14:10:33+00:00,530.0,94.6,88.45,90.1,0.0,0.0,1.0,97,0.5074512145996093,True,REGULAR,USD,put
TSLA260618P00535000,2026-05-12 19:32:59+00:00,535.0,103.6,93.0,94.65,0.0,0.0,8.0,23,0.5113574255371094,True,REGULAR,USD,put
TSLA260618P00540000,2026-05-13 19:37:07+00:00,540.0,98.5,98.0,99.05,-20.199997,-17.01769,1.0,15,0.5088550091552735,True,REGULAR,USD,put
TSLA260618P00545000,2026-05-12 19:01:07+00:00,545.0,116.3,102.5,103.65,0.0,0.0,10.0,10,0.5114184600830078,True,REGULAR,USD,put
TSLA260618P00550000,2026-05-13 15:47:27+00:00,550.0,103.12,106.9,108.45,-15.879997,-13.344536,5.0,500,0.5200853656005859,True,REGULAR,USD,put
TSLA260618P00560000,2026-05-11 19:58:56+00:00,560.0,117.72,116.15,118.05,0.0,0.0,5.0,2,0.5353440020751954,True,REGULAR,USD,put
TSLA260618P00570000,2026-03-18 19:41:50+00:00,570.0,176.43,168.8,171.0,0.0,0.0,190.0,0,1.511660156555176,True,REGULAR,USD,put
TSLA260618P00580000,2026-05-13 15:00:22+00:00,580.0,134.35,135.3,137.15,-31.98999,-19.23169,8.0,3,0.5516402258300781,True,REGULAR,USD,put
TSLA260618P00590000,2026-04-20 13:42:02+00:00,590.0,192.55,144.95,146.85,0.0,0.0,2.0,0,0.5004932763671875,True,REGULAR,USD,put
TSLA260618P00600000,2026-05-12 16:36:49+00:00,600.0,175.48,154.75,156.6,0.0,0.0,4.0,286,0.5050098327636718,True,REGULAR,USD,put
TSLA260618P00610000,2026-04-15 15:32:09+00:00,610.0,222.0,164.5,166.3,0.0,0.0,20.0,0,0.5772747351074219,True,REGULAR,USD,put
TSLA260618P00620000,2026-02-18 19:52:26+00:00,620.0,209.55,0.0,0.0,0.0,0.0,2.0,0,1.0000000000000003e-05,True,REGULAR,USD,put
TSLA260618P00630000,2026-02-23 17:24:04+00:00,630.0,231.62,0.0,0.0,0.0,0.0,8.0,0,1.0000000000000003e-05,True,REGULAR,USD,put
TSLA260618P00640000,2026-03-18 19:51:27+00:00,640.0,247.97,238.25,240.45,0.0,0.0,1.0,0,1.7640087483215332,True,REGULAR,USD,put
TSLA260618P00650000,2026-05-13 14:41:03+00:00,650.0,200.75,204.4,205.75,-57.200012,-22.174843,11.0,1,0.5293015820312501,True,REGULAR,USD,put
TSLA260618P00660000,2026-05-13 14:10:13+00:00,660.0,222.3,213.9,215.8,-36.279984,-14.030468,4.0,0,0.6445348046875,True,REGULAR,USD,put
TSLA260618P00670000,2026-05-11 16:40:08+00:00,670.0,229.65,223.85,225.75,0.0,0.0,110.0,110,0.659183095703125,True,REGULAR,USD,put
TSLA260618P00680000,2026-02-18 19:52:48+00:00,680.0,269.2,0.0,0.0,0.0,0.0,2.0,0,1.0000000000000003e-05,True,REGULAR,USD,put
TSLA260618P00690000,2026-01-30 14:42:55+00:00,690.0,265.48,297.85,299.9,0.0,0.0,1.0,0,2.1060533188629145,True,REGULAR,USD,put
TSLA260618P00700000,2026-05-08 14:24:34+00:00,700.0,270.88,253.8,255.7,0.0,0.0,3.0,3,0.7104521142578125,True,REGULAR,USD,put
TSLA260618P00710000,2026-01-06 15:05:07+00:00,710.0,274.75,280.8,282.7,0.0,0.0,1.0,0,1.3743317416381835,True,REGULAR,USD,put
TSLA260618P00720000,2026-01-30 17:07:07+00:00,720.0,284.9,327.85,329.9,0.0,0.0,20.0,0,2.1940963116455077,True,REGULAR,USD,put
TSLA260618P00730000,2025-12-31 17:16:01+00:00,730.0,280.52,294.4,297.4,0.0,0.0,10.0,0,1.2568396533203123,True,REGULAR,USD,put
TSLA260618P00740000,2026-01-27 14:30:00+00:00,740.0,302.65,339.45,343.2,0.0,0.0,1.0,0,2.1029100161743157,True,REGULAR,USD,put
TSLA260618P00750000,2026-01-23 19:39:07+00:00,750.0,303.65,349.45,353.2,0.0,0.0,15.0,0,2.129429725265503,True,REGULAR,USD,put
TSLA260618P00760000,2025-08-25 17:34:14+00:00,760.0,412.44,330.25,335.35,0.0,0.0,2.0,1,1.522707464599609,True,REGULAR,USD,put
TSLA260618P00770000,2026-01-15 20:59:43+00:00,770.0,331.9,369.45,373.2,0.0,0.0,8.0,0,2.1809127508544917,True,REGULAR,USD,put
TSLA260618P00780000,2026-02-04 15:01:40+00:00,780.0,362.0,387.85,389.9,0.0,0.0,1.0,0,2.3540385387420644,True,REGULAR,USD,put
TSLA260618P00790000,2026-03-11 19:50:00+00:00,790.0,382.45,388.15,390.35,0.0,0.0,4.0,0,2.188633678817748,True,REGULAR,USD,put
TSLA260618P00800000,2026-03-05 14:36:26+00:00,800.0,396.15,0.0,0.0,0.0,0.0,5.0,0,1.0000000000000003e-05,True,REGULAR,USD,put
TSLA260618P00810000,2025-10-29 16:15:15+00:00,810.0,358.25,380.7,382.75,0.0,0.0,20.0,22,1.6030903634643554,True,REGULAR,USD,put
TSLA260618P00820000,2025-12-12 15:00:39+00:00,820.0,363.7,384.1,387.65,0.0,0.0,6.0,0,1.4460476916503908,True,REGULAR,USD,put
TSLA260618P00830000,2025-12-30 15:38:14+00:00,830.0,370.51,393.9,397.2,0.0,0.0,8.0,0,1.4542873965454102,True,REGULAR,USD,put
TSLA260618P00840000,2025-11-25 20:47:09+00:00,840.0,422.25,406.05,409.35,0.0,0.0,10.0,0,1.5439475927734374,True,REGULAR,USD,put
TSLA260618P00850000,2026-04-23 15:36:04+00:00,850.0,471.79,403.85,405.7,0.0,0.0,87.0,0,0.6894562304687502,True,REGULAR,USD,put
TSLA260618P00860000,2025-10-17 13:51:54+00:00,860.0,432.05,439.95,441.8,0.0,0.0,4.0,0,1.9415286126708986,True,REGULAR,USD,put
TSLA260618P00870000,2025-12-30 15:41:17+00:00,870.0,409.59,434.3,437.15,0.0,0.0,2.0,0,1.5339989120483395,True,REGULAR,USD,put
TSLA260618P00880000,2025-11-14 20:58:20+00:00,880.0,475.62,445.85,449.15,0.0,0.0,10.0,0,1.6115131729125975,True,REGULAR,USD,put
TSLA260618P00890000,2025-09-12 16:44:36+00:00,890.0,498.4,473.75,481.1,0.0,0.0,15.0,15,2.154332006759643,True,REGULAR,USD,put
TSLA260618P00900000,2026-01-23 14:43:06+00:00,900.0,455.1,499.45,503.2,0.0,0.0,1.0,0,2.4725379983520512,True,REGULAR,USD,put
TSLA260618P00910000,2025-06-11 19:38:32+00:00,910.0,585.2,593.95,599.3,0.0,0.0,2.0,0,4.071873806648254,True,REGULAR,USD,put
TSLA260618P00920000,2026-01-06 16:05:57+00:00,920.0,486.17,490.5,493.15,0.0,0.0,1.0,0,1.8151254360961913,True,REGULAR,USD,put
TSLA260618P00930000,2025-12-16 19:43:34+00:00,930.0,448.85,494.2,497.1,0.0,0.0,2.0,0,1.6336077890014646,True,REGULAR,USD,put
TSLA260618P00940000,2025-10-30 17:02:08+00:00,940.0,494.45,509.45,512.45,0.0,0.0,10.0,0,1.8234261758422852,True,REGULAR,USD,put
TSLA260618P00950000,2025-09-30 15:47:20+00:00,950.0,516.11,519.25,523.4,0.0,0.0,11.0,12,1.8513801376342771,True,REGULAR,USD,put
TSLA260618P00960000,2025-12-24 15:00:57+00:00,960.0,479.83,524.45,527.35,0.0,0.0,5.0,0,1.6904312353515625,True,REGULAR,USD,put
TSLA260618P00980000,2025-12-17 15:15:51+00:00,980.0,490.0,544.05,547.65,0.0,0.0,,0,1.7194838244628907,True,REGULAR,USD,put
TSLA260618P00990000,2025-12-22 20:25:36+00:00,990.0,501.75,553.65,557.25,0.0,0.0,,0,1.719850033569336,True,REGULAR,USD,put
